内容,时间
,2023-02-24 16:34
吧友们，我想问问郑大的考研难度怎么样，复试会不会歧视第一学历二三本的考生？我来自云南一所很普通的高校，24考研想冲一波郑大，过来人能给些建议吗？万分感谢,2023-02-15 08:41
大部分学院不会 本身郑带的生源就是普通一本二本 重本211的谁来郑带啊,2023-02-15 09:30
应该不会吧,2023-02-15 16:19
理论上来说不会,2023-02-15 17:02
学校是一个整体，你应该说明你的专业，毕竟研究生是院内的事，据我在河北老家上重一的朋友说，有的歧视,2023-02-15 18:42
硕士生源本来就是一二本的多吧，好好考没问题,2023-02-24 15:59
不歧视,2023-02-24 16:33
之前也没发现啊,2023-02-23 13:08
别问,2023-02-23 14:52
这是提都不能提的话题,2023-02-23 18:58
疫情放开了呗😋都来了,2023-02-23 23:31
好多黑人和印度人,2023-02-23 23:57
问就是提升国际化排名,2023-02-24 11:40
又能升Qs咯,2023-02-24 15:55
有机会吗,2023-02-24 09:47
你也不说专业,2023-02-24 11:42
招多少人？,2023-02-24 15:04
回家歇歇吧,2023-02-24 15:26
你要说招多少人啊,2023-02-24 15:51
我是23考研，想找一个机械专业的学长学姐,2023-02-21 18:46
你有啥问题想问的。,2023-02-21 19:27
,2023-02-24 09:04
,2023-02-24 11:27
,2023-02-24 11:33
这下真郑带了,2023-02-24 13:53
哈人,2023-02-24 13:58
,2023-02-24 14:02
😀😀😀,2023-02-24 14:09
,2023-02-24 14:56
挂我是吧,2023-02-24 14:57
,2023-02-24 15:08
我要让所有人,2023-02-24 15:11
,2023-02-24 15:13
包浆了,2023-02-24 15:13
,2023-02-24 15:18
哈人,2023-02-24 15:35
,2023-02-24 15:41
,2023-02-24 15:37
😱😱,2023-02-15 19:35
队友呢，救一下啊。,2023-02-15 19:36
什么ad钙大专,2023-02-15 20:05
一个图两个吧一起水是吧,2023-02-15 20:52
老郑大：玩个元神,2023-02-15 21:28
,2023-02-15 22:56
,2023-02-16 23:24
后悔当年没开原神工程,2023-02-24 15:35
输,2023-02-15 10:41
什么傻瓜ai,2023-02-15 11:08
蚌,2023-02-15 11:35
玩原神玩的,2023-02-15 13:31
玩原神玩的,2023-02-23 18:33
玩原神玩的,2023-02-23 18:54
WIN,2023-02-24 01:32
3,2023-02-24 09:46
玩,2023-02-24 11:03
大脑怠机了,2023-02-24 15:33
有医学院已经实习过的学长学姐吗？实习分配是按照前三年的综测和志愿吗？,2023-02-24 15:03
插个眼,2023-02-24 15:20
,2023-02-24 15:11
,2023-01-15 20:34
最终幻想是吧,2023-01-15 21:10
那鼠鼠考不上了捏,2023-01-15 21:35
,2023-01-15 23:20
那学长现在也不至于这么惨,2023-01-15 23:31
考不上了,2023-01-21 16:37
,2023-02-10 12:12
如果泥郑努力一点我就能考老家的定向选调了,2023-02-12 13:53
,2023-02-24 15:04
想问问鼠鼠们有没有想出去住的，本人男喜欢安静的环境，想在莲花街租个房子，找合租室友,2023-02-24 15:04
希望2023.2.14上午十点多在郑州大学北门偷这束碎冰蓝的学弟/学妹，情人节快乐，希望你是真的快乐，而不是用别人的花麻痹自己，或者用偷来的花送给喜欢的人，今天你偷花，明天就轮到你老婆/老公偷人。想必你真的很孤单吧，我只觉得你可怜。,2023-02-14 14:17
真的难绷，花都偷,2023-02-14 14:36
,2023-02-14 14:47
今日首蚌,2023-02-14 14:48
哈人,2023-02-14 14:52
感觉有点可怜,2023-02-14 14:53
郑大✌也偷？,2023-02-14 15:12
不是我,2023-02-14 15:14
,2023-02-14 15:15
nm真的逆天,2023-02-14 15:36
我女朋友非要这朵我就拿走了,2023-02-14 15:59
蚌埠住了,2023-02-14 16:07
蚌埠住了,2023-02-14 16:08
逆天,2023-02-14 16:30
郑带的素质！,2023-02-14 16:54
,2023-02-14 16:54
,2023-02-14 16:55
找找监控,2023-02-14 17:22
哈人,2023-02-14 17:27
花都偷是真的离谱 一眼惯偷,2023-02-14 17:51
可能拿错了,2023-02-14 17:55
估计是谁外卖送的花，让别人领，领错了,2023-02-14 19:36
哈哈哈,2023-02-14 21:47
难绷,2023-02-14 21:51
好似,2023-02-14 22:13
这就是我们郑带🐭的素质,2023-02-14 22:32
,2023-02-14 22:52
不好意思,2023-02-14 23:26
额,2023-02-15 00:19
哦豁,2023-02-15 09:27
郑州大学现在解封了吗？ 毕业生能进吗？,2023-02-23 13:42
可以进，走南门就行,2023-02-23 18:06
可以,2023-02-24 14:52
需要什么，谢谢,2023-02-24 14:12
蹲,2023-02-24 14:16
什么都不需要,2023-02-24 14:51
体检业务推广，成交一人提50元，校内即可完成，上不封顶13838512244,2023-02-24 14:38
在职MPA求复试资料,2023-02-24 14:11
😡😡😡😡😡😡😾😾😾😾😾😾,2023-02-24 14:06
问一下郑州大学学费可以毕业后再交吗,2023-02-18 09:25
拖到发毕业证,2023-02-19 07:54
快毕业会给一次缴清的机会，基本是该拍毕业照的时候。,2023-02-24 14:04
,2023-02-11 01:46
,2023-02-11 02:27
直接问吧。看看能不能回答你,2023-02-22 12:27
,2023-02-22 13:03
问捏,2023-02-24 13:51
最好是环境类的，孩子想了解点东西,2023-02-24 13:48
蹲一个计算机与人工智能学院软件工程专业的学长学姐,2023-02-24 13:31
,2023-02-23 17:25
绿牌414,2023-02-23 20:21
不要,2023-02-23 23:54
导师得给你磕两个,2023-02-24 00:42
你想要导师研究点什么🤔,2023-02-24 10:05
⑥,2023-02-24 10:05
抱歉，郑大录取分600+捏，你这分太少了,2023-02-24 12:07
不敢要啊 要了你就得进去蹲几年,2023-02-24 13:03
,2023-02-24 12:46
感觉还是不算多。继续进步吧,2023-02-24 12:47
郑州哪里烫头发比较好捏,2023-02-24 11:01
对不起，做不到,2023-02-24 11:59
不知道,2023-02-24 12:36
或许你别烫?看专业吧，我们专业有同学被辅导员说了，让赶紧恢复正常头发,2023-02-24 12:40
想问一下有计算机专业的在读研究生学长学姐吗？郑大研究生招生情况怎么样啊，这两年有可能继续扩招吗😭,2023-02-24 12:36
校内有没有美食公众号呀,2023-02-24 11:55
1,2023-02-24 11:56
主校区的UU们有在寝室用过小功率的电煮锅的吗？我看郑带的限电是只限电热功率,2023-02-21 21:50
北区我知道能用，主区不知道行不行,2023-02-24 11:28
有不用的电动车吗，有的联系我，咨询一下咱学校外来车可以开进去吗，学校有停车场吗，或者附近有停车的地方吗,2023-02-24 11:35
美女镇楼,2023-02-23 15:46
,2023-02-23 16:14
让,2023-02-23 16:24
💋💋,2023-02-23 16:32
3,2023-02-24 09:47
3,2023-02-24 10:05
进进我的,2023-02-24 11:29
上岸老学姐出售987环境工程学2003年-2022年考研初试、复试真题及答案，有意者请联系,2022-04-21 13:53
复试真题,2023-02-24 11:07
求一位应化考研上岸的学长、学姐，求一些资料。求求了，救救孩子吧！！！有偿！！！,2023-02-24 09:24
8u们，现在校车还开吗？还是按官网上的时刻表，学生在东门上车？,2023-02-13 22:38
淡季贴吧？,2023-02-19 22:05
23考研能进复试，求推荐能源动力专业导师。,2023-02-22 20:21
兄弟啥专业的，专硕学硕,2023-02-24 03:07
专硕,2023-02-24 10:15
能源动力专业,2023-02-24 10:16
有无导师推荐啊？,2023-02-24 10:17
你们导师发劳务费吗？有什么标准文件吗？,2023-02-23 12:32
分老师的，大部分都只有低保,2023-02-23 12:37
不知道,2023-02-23 15:10
俺只有低保，因为不干活,2023-02-24 10:09
想找一个温柔一点，压力小的导师,2023-02-24 10:06
外校的可以进学校吗,2023-02-23 19:22
2,2023-02-23 20:43
我也等一个回复,2023-02-23 21:00
要么趁保安不看码时偷偷进，要么去校内找个码进去,2023-02-23 21:11
,2023-02-24 09:28
真的很想进去看看，什么时候郑大把工带合并了😭😭 😭,2023-02-19 17:52
欢迎来玩,2023-02-19 19:34
淦，昨天晚上跑工大不让鼠鼠进,2023-02-19 21:42
速来,2023-02-19 23:49
要个扫码的截图给保安看一下不就能进来了,2023-02-19 23:57
得扫码,2023-02-19 23:57
3,2023-02-20 11:29
贵校有没有中医专业啊？,2023-02-20 20:31
工大能进不？有没有洞之类的,2023-02-21 15:22
速速来击剑,2023-02-23 21:46
别急 我们为什么要说“别急”？别急是一种态度，一种张弛有度，一种不急不躁，一种泰然自若。遇到羞辱急于还击，是莽夫，“别急”教我们谦让三分、以理服人；遇到挫折羞愤不已，是愚夫，“别急”教我们另辟蹊径、以智取胜。,2023-02-24 09:08
今天是2月11日，转发此消息到朋友圈，家里的孩子在高考时一定考上郑州大学,2023-02-11 09:24
好日子，然而我还在划水,2023-02-11 09:52
已转，希望考上郑带,2023-02-11 10:07
那我不转了，不能拉人下水😓,2023-02-11 10:07
,2023-02-11 10:07
害人贴 举报了,2023-02-11 10:18
多狠毒的诅咒,2023-02-11 10:31
你太baby辣,2023-02-11 10:34
已转，希望考上郑带,2023-02-11 11:40
什么带恶人,2023-02-11 11:56
误人子弟,2023-02-11 12:29
太恶毒了,2023-02-14 17:48
打咩哟 我要上河带,2023-02-21 11:08
已转，希望考上郑专,2023-02-24 08:55
蹲一手郑大新传学硕考研上岸的学长学姐，想咨询一下复习规划,2023-02-23 22:37
网上鼠鼠也没有找到相关流程,2023-02-23 22:33
找辅导员要,2023-02-24 08:14
无语了，京东也不行啊,2022-05-08 18:34
快递不是不让进了吗，jd自营打电话进不来,2022-05-08 18:37
这么便宜怎么做到的,2022-05-08 20:06
拿不了,2022-05-08 21:35
都私信怎么买的，自己看图吧,2022-05-08 23:00
dd,2022-05-09 15:16
滴滴,2022-05-09 22:51
d,2022-05-11 18:58
dd,2022-05-11 20:33
没错,2022-05-11 21:05
didi,2022-05-11 22:58
厉害,2022-05-11 23:37
不简单,2022-05-12 00:17
需要跑腿滴我,2022-05-12 00:37
厉害,2022-05-12 10:52
厉害,2022-05-12 11:19
厉害,2022-05-12 15:12
滴滴,2022-05-12 15:12
架子,2022-05-12 16:29
好的,2022-05-12 16:53
厉害,2022-05-12 17:23
嘻哈,2022-05-12 17:40
ciji,2022-05-12 23:52
说的对,2022-05-12 23:52
我哦昂,2022-05-13 00:09
唐诗,2022-05-13 10:11
厉害,2022-05-13 12:57
厉害,2022-05-13 15:21
dd,2022-05-13 21:28
就是厉害,2022-05-13 23:19
你是,2022-05-14 00:18
daw,2022-05-14 10:34
,2022-05-14 13:26
dd,2022-05-14 14:08
厉害的很,2022-05-14 16:31
d,2022-05-14 18:24
没错,2022-05-14 19:35
dd,2022-05-14 21:16
不是,2022-05-15 00:29
d,2022-05-15 02:02
d,2022-05-15 10:32
d,2022-05-15 11:20
d,2022-05-15 12:10
dd,2022-05-15 12:10
dd,2022-05-15 13:16
d,2022-05-15 13:52
d,2022-05-15 16:08
刺激,2022-05-15 16:27
dd,2022-05-15 22:06
dd,2022-05-15 22:07
厉害,2022-05-15 22:38
d,2022-05-16 11:43
刺激,2022-05-16 13:14
dd,2022-05-16 13:36
d,2022-05-16 15:03
刺激,2022-05-16 16:45
dd,2022-05-16 18:09
d,2022-05-16 20:01
dd,2022-05-16 22:02
dd,2022-05-16 22:25
刺激,2022-05-16 23:40
d,2022-05-17 00:55
dd,2022-05-17 10:26
dd,2022-05-17 11:12
dd,2022-05-17 12:24
dd,2022-05-17 13:26
ciji,2022-05-17 14:39
很好,2022-05-17 17:47
d,2022-05-17 18:05
dd,2022-05-17 18:37
d,2022-05-17 19:44
dd,2022-05-17 20:03
d,2022-05-17 21:08
dd,2022-05-17 23:53
d,2022-05-18 00:19
meocuo,2022-05-18 11:05
dd,2022-05-18 11:41
d,2022-05-18 12:52
fd,2022-05-18 15:13
厉害,2022-05-18 17:53
刺激,2022-05-18 20:13
d,2022-05-18 22:02
d,2022-05-18 22:34
d,2022-05-18 23:04
dd,2022-05-19 00:29
弟弟,2022-05-19 00:29
我快递十几天了都,2022-05-19 00:30
dd,2022-05-19 09:58
d,2022-05-19 10:58
d,2022-05-19 13:02
dd,2022-05-19 14:14
e,2022-05-19 14:30
dd,2022-05-19 15:59
d,2022-05-19 16:51
d,2022-05-19 18:32
d,2022-05-19 18:46
dd,2022-05-19 19:52
d,2022-05-19 19:52
dd,2022-05-19 21:34
dd,2022-05-19 22:28
d,2022-05-19 22:44
d,2022-05-19 23:11
dd,2022-05-19 23:41
dd,2022-05-20 00:33
d,2022-05-20 01:55
dd,2022-05-20 09:32
d,2022-05-20 10:49
dd,2022-05-20 11:10
d,2022-05-20 11:21
dd,2022-05-20 12:35
dd,2022-05-20 12:57
dd,2022-05-20 13:15
dd,2022-05-20 15:02
d,2022-05-20 16:51
dd,2022-05-20 17:46
d,2022-05-20 20:26
d,2022-05-20 22:59
d,2022-05-21 01:48
d,2022-05-21 09:22
dd,2022-05-21 10:22
f,2022-05-21 10:22
c,2022-05-21 13:53
d,2022-05-21 14:28
dd,2022-05-22 14:20
ff,2022-05-22 14:44
d,2022-05-22 15:39
d,2022-08-11 10:20
d,2022-10-26 21:19
什么dinner,2022-10-26 21:52
是的,2023-02-10 13:42
dd,2023-02-11 22:21
dd,2023-02-14 23:25
dd,2023-02-17 11:37
dd,2023-02-24 08:15
,2021-10-30 20:14
你好，我也是今年七月份入职的应届生，请问你确认签约了吗？,2022-05-17 10:48
你这是台州联化 还是上海,2022-07-29 15:36
进去上班了吗？公司怎么样,2022-10-14 15:48
请问现在还在里面上班吗,2022-10-23 11:22
跑美团吧！在郑州就行,2022-10-25 04:20
您好，我明年应届生，收到联化上海的offer，能否细聊一下？我有一些问题想咨询咨询,2022-10-27 19:04
去上班了吗？,2022-10-28 12:29
请问您去了吗？想咨询下相关问题,2022-11-10 16:26
您好，请问进去上班了吗？公司怎么样？,2022-11-29 22:57
上海联化待过，不建议,2022-12-29 21:36
想问问答辩过的学长学姐，本科毕业答辩是一个班一起么，会不会和班级同学撞题啊,2023-02-24 07:50
,2023-02-24 07:02
想找一位不那么厉害但有点厉害的，为人不错的导师,2023-02-22 09:21
是动力工程专硕吗？,2023-02-24 03:09
想求求计算机科学与技术专业大一两个学期的必修专业课程都有哪些 各位友友们帮帮鼠鼠吧 🙏🏻🙏🏻🙏🏻,2023-02-22 20:03
大二降转？我去年降转找的机智他们说属于资源紧缺类专业，不收降转生。,2023-02-23 21:52
c，伪代码，计算机基础知识类的，没啥好学的，学学c或c++，写两个项目理解一下就行,2023-02-24 00:47
,2023-02-22 11:36
我也想知道这个问题的答案,2023-02-22 11:43
北校区扫码出照片证明你是郑大的就能进，别的校区不知道,2023-02-22 13:31
主校区可以，有小道,2023-02-22 13:42
跟贵校一个女生网恋，被骗了一百块。,2023-02-23 13:50
哦，我们已经了解相关情况了，请问还有什么事吗？,2023-02-23 15:09
,2023-02-23 23:32
23考研郑州大学，请问材料学院金属材料方向的老师里面，哪个比较推荐呢，有没有比较坑的老师，求推荐避雷,2023-02-23 23:28
有一些复试问题想问一下，有偿。,2023-02-23 21:30
化工院的可以吗,2023-02-23 21:39
马竞老师，强无敌,2023-02-23 22:12
男自强,2023-02-23 23:27
代理来～,2023-02-23 22:10
要是挂科了还有必要卷综测吗,2023-02-22 21:12
没必要了,2023-02-22 22:46
LZ是化学学院的新生吗？,2023-02-22 22:48
没必要去做想做的事情，热爱的事情,2023-02-23 00:27
珍惜美好的大学时光，,2023-02-23 10:06
什么都没用了,2023-02-23 11:17
跟🐭🐭一起摆吧,2023-02-23 19:00
有用，每学年的奖学金是另算的，可以拼个三好学生,2023-02-23 22:18
1-4节，政治课，价格私,2023-02-23 21:53
有大学生想接触主播这行的吗？看我主页,2023-02-23 21:48
请问一下郑州大学交通运输专业研究生毕业以后工作情况怎么样，有没有这个专业的学长学姐啊，求告知！,2023-02-23 21:22
要选导师了，学长学姐们有没有好的科室建议或者导师避雷，求求了,2023-02-23 21:15
,2023-02-23 20:55
想要在郑州大学附近摆摊卖水果，请问哪里可以让摆呢，今天问去附近转了下问环卫大叔他们说学生们都在学校里面不出来，是这样的吗,2023-02-23 17:35
哪里让摆摊不知道，但是学校里学生现在进出校园是没有问题的,2023-02-23 20:24
22级调剂生考吉大300分出头调剂的郑大，靠着本科实验做的多，复试分高进来的，还有些别的因素，有人看就细嗦,2023-02-23 10:37
先说下啊，材料与化工专业哈,2023-02-23 10:40
西索,2023-02-23 10:43
学长可以加一下联系方吗一个专业,2023-02-23 11:23
学长学长，一个专业的，🐭🐭本科太混了，啥都没，复试怎么办呀,2023-02-23 12:46
想听,2023-02-23 13:46
本科哪里的,2023-02-23 18:20
刚刚听一个学弟说，现在还没到调剂关节是吧，那感觉晚点再说吧，先好好准备第一志愿复试就行,2023-02-23 18:25
快数学考试了，先忙完这几天就来水帖了,2023-02-23 18:26
楼主能加个v吗，我也0856,2023-02-23 19:15
想听,2023-02-23 19:33
学长，我这次化学工程与技术考了302，一志愿寄了，调郑大化工学院有戏吗,2023-02-23 19:50
新校区到郑航龙子湖校区,2023-02-23 19:57
本专业有上岸的学姐学长吗，想问下复试线,2022-06-08 09:14
需要复试资料吗,2023-02-23 19:32
有今天参加面试的吗？,2023-02-23 19:01
有没有水利学院，道路交通运输方向的研究生学长学姐，想了解了解情况。,2023-02-23 15:38
或者说，有没有水利研究生的群,2023-02-23 15:54
有没有学长学姐，帮帮忙,2023-02-23 18:28
去微博问问吧,2023-02-23 18:33
蹲近现代史的学长学姐,2023-02-23 18:23
大专变成酒吧舞捏,2023-02-23 17:25
建议改成加州大学，都幻想时间了，还不幻想个大的,2023-02-23 18:19
有没有大学生想从事直播的.来找我.详情细聊..可兼职..,2023-02-23 17:37
女孩子哦.,2023-02-23 17:46
90.00或者不是学生的也可以,2023-02-23 17:47
,2023-02-23 17:52
是 1比1.2划的,2023-02-23 17:53
问一些复试的问题，求求,2022-02-22 14:25
可以私聊哈,2022-02-22 14:26
请问工业工程考这个管理科学与工程还需要加试吗？,2022-03-01 20:05
偶遇研友,2022-03-24 13:53
可以辅导复试吗,2023-02-23 17:50
工业工程物流管理电子商务工程管理,2023-02-13 17:38
可以辅导复试吗,2023-02-23 17:49
保安 促销  发传单,2023-02-23 17:26
出郑州大学961材料科学基础初试资料,2023-02-23 16:30
药理学学长学姐看一看小弟留的帖子，有偿咨询复试事宜啦，骗子勿扰,2023-02-23 16:29
请问学长学姐们大概多少分能进复试？谢谢谢谢！,2023-02-23 16:08
我是23考研的学生，能进复试现在求问各位学长学姐，那个老师性格好,2023-02-23 16:02
信通学硕哦,2023-02-23 16:07
生态院有没有选吴丰昌老师做导师的呀,2023-02-23 15:20
各位家人们有没有推荐的研究生导师，专硕的,2023-02-23 15:13
知网收录的外文普刊，周期快，有录用通知，可全包可代发，稳定操作，见刊后付款，只需几天生活费就可以发一篇，需要请+QQ：734363008,2023-02-23 14:54
目前初试前百分之五十，想联系导师，有没有比较靠谱的导师推荐，跪谢,2023-02-23 14:44
蹲郑大心理学上岸的学长学姐，了解下复试情况,2023-02-23 11:36
"复试的话,你可以去浩学考研看看,他们有一对一辅导,都是直系研究生上课,平时也有班主任督学,辅导过程中,如果对研究生不满意,也可以免费申请更换,有保障,浩学考研挺靠谱的.",2023-02-23 12:54
朋友在得物数字藏品部门，然后现在得物想联合国内的高校举办一些设计艺术大赛，有没有同学知道学校艺术学院的学生社团干部的联系方式，或者校方领导、学生会领导的联系方式，方便对接。万分感谢！,2023-02-23 13:08
rt,2021-12-24 13:07
啊,2021-12-24 18:11
吧友读了吗,2023-02-23 13:03
续航不小于20km，七八成新以上。有的加V：byylc0516,2023-02-23 12:59
已经工作，从事交通运输，国企，想读博，有热心博士在吗？,2023-02-23 12:55
,2023-02-23 12:41
,2023-02-22 23:54
找研究生学院官网，师资那一栏,2023-02-23 00:29
去学院官网就有导师联系方式，再去别的网站看看评价,2023-02-23 12:38
,2023-02-22 20:35
1,2023-02-23 12:25
有没有懂行的老哥,2023-02-23 09:12
这个很不错啊,2023-02-23 11:46
求主校区南核打印店联系方式！,2023-02-23 11:23
请问mem全日制也没有学业奖学金吗 我是21考研郑大工业工程与管理,2021-03-21 13:14
哈喽你好可以辅导复试吗,2023-02-23 11:03
,2023-02-23 09:18
这老师挺好的,2023-02-23 11:02
哪位大哥上岸了把资料卖给我吧,2021-09-23 00:31
上岸了吗可以辅导复试不,2023-02-23 11:02
有去升龙又一城租房子的吗？我这有一个订金收据500元，由于我不想去住了订金不能退，有同学去租房子的话，给我400就可以了，我把500收据给你，一起去帮你办理，绝对信誉，有意者联系，郑大刘同学13526593210  。,2016-12-30 08:06
是隔断间吗,2016-12-30 18:27
老哥，发下链接吧。感谢了,2023-02-23 10:54
有偿求一份安全科学与工程复试资料,2023-02-21 23:14
楼主多少分呀,2023-02-22 10:37
同专业进入复试，可以加一下吗,2023-02-23 10:28
有没有学长学姐在那里找到工作的，想知道那公司怎么样？,2013-12-16 00:11
楼主进这个公司了吗,2020-03-08 18:56
楼主进去了吗笔试考什么内容啊,2023-02-23 10:29
有偿,2023-02-23 09:55
有的,2023-02-23 10:11
有没有哪位学长知道郑大有机考研复试的笔试考什么啊，孩子快疯了,2023-02-23 01:06
我有个朋友想认识几个正经的郑大高材生！,2023-02-22 09:50
,2023-02-22 09:52
,2023-02-22 10:52
你好，我是,2023-02-22 10:52
我我我,2023-02-22 10:59
找我，我是,2023-02-22 11:28
恭喜恭喜,2023-02-22 11:30
,2023-02-22 12:32
,2023-02-22 12:57
只是郑专生,2023-02-22 13:24
,2023-02-22 13:25
我我我,2023-02-22 13:26
你好，我可以吗,2023-02-22 14:02
你好 不是高材生 也不正经,2023-02-22 14:07
,2023-02-22 14:08
who 邒 you？,2023-02-22 14:31
我是捏,2023-02-22 15:21
诡计多端的0可以吗,2023-02-22 19:09
,2023-02-22 20:48
我,2023-02-22 22:16
你自己心里没答案吗,2023-02-23 00:20
,2023-02-23 09:34
学信网也不标注，是否是对我们主区的不尊重。,2023-02-14 08:13
你说得对,2023-02-14 08:53
,2023-02-14 08:56
挂我是吧,2023-02-14 09:03
你说的对，但郑州大学是，后边忘了,2023-02-14 09:11
,2023-02-14 09:12
不是新校区的有难了,2023-02-14 09:23
,2023-02-14 09:28
大家拿的难道不是西亚斯的毕业证吗？,2023-02-14 10:54
挂我北校区是吧，今晚别睡太死,2023-02-14 10:57
,2023-02-14 11:02
别忘了南校区才是根,2023-02-14 12:36
,2023-02-14 13:41
,2023-02-15 06:42
北区才是core area,2023-02-15 10:51
你说得对，但是,2023-02-16 15:03
,2023-02-22 12:26
给主校区✌️磕一个,2023-02-22 20:21
错误的，东校区临床口腔分高，拿一样的毕业证是对东校区的不尊重,2023-02-23 09:31
现在能租校园卡进图书馆吗？,2023-02-22 22:38
这个随缘是骗子,2023-02-23 08:47
,2023-02-21 19:41
校友可以进,2023-02-21 21:36
可以,2023-02-21 22:02
怎么进啊，前几天不让进，要扫码,2023-02-23 00:38
校友用校园卡还能走东门吗？,2023-02-23 07:58
可以,2023-02-23 09:18
,2023-02-23 09:08
有没有缺流量的，私我，,2023-02-23 08:58
寻找一个马克思主义学院的博士生询问一些问题，认识的请私聊，重谢！,2023-02-22 22:40
能帮忙找到的100r以上，博士本人不低于2k。,2023-02-23 08:56
考研的同学们很多时间都用在找资料上面。有几百的也有几十块的，也有十几块的，我感觉其实内容都差不多，最实惠的就是关注公众号（金榜资料），里面资料和网盘里都是一样的还免费何乐而不为呢,2023-02-23 08:52
有没有学弟学妹帮忙打印个成绩单呀，有偿～,2023-02-22 10:27
有啊,2023-02-23 08:29
,2022-01-31 14:31
,2022-01-31 23:31
24加油 23复试资料在里面！,2023-01-30 12:38
复试必胜！,2023-02-21 12:15
,2023-02-23 08:08
本人有郑大化工院复试资料，有需要的私聊,2023-02-06 09:46
992化工原理？材料与化工？,2023-02-23 00:30
我需要,2023-02-23 00:30
本科河海大学考土木水利专硕323有希望调剂到贵校吗，有没有好兄弟说一下,2023-02-21 17:17
不知道帮顶,2023-02-21 17:34
顶,2023-02-21 18:54
有没有学长学姐啊,2023-02-21 19:30
顶,2023-02-22 07:09
哦豁,2023-02-22 08:25
应该可以吧,2023-02-22 11:30
土木水利专硕就别想了，郑大年年专硕爆满，而且保护第一志愿，建议你看一下西安理工,2023-02-22 15:49
学长学姐们，复试想了解一下老师，老师平常督促的紧吗，有鼓励型老师吗,2023-02-23 00:27
想顶贴，让学长学姐看到，其他电气的老师也行，孩子不知道怎么了解了,2023-02-23 00:30
214285070，学长学姐们看到的话可以加我一下qq吗,2023-02-23 00:32
直接评论也可以，救命救命🆘🆘🆘,2023-02-23 00:36
想问一下学长学姐们，管新建老师和荐圣淇老师人怎么样啊，选导师比较推荐哪一个呀,2023-02-22 23:21
各位生科院的研究生学长学姐，在选导师这方面可以给提点意见吗？求求了，拜托了！,2023-02-22 22:44
学校打印店（本部）可以买到医学院往年的复试真题吗,2023-02-22 22:42
有没有同学有多壮志老师的邮箱啊，23考研想联系他,2023-02-22 22:27
,2022-02-02 09:02
,2022-02-02 09:34
24加油 23复试资料在里面 加油！,2023-01-31 04:56
复试必胜！,2023-02-21 20:29
23考研085402通信工程，专业课943，求推荐导师，人品好，不push,2023-02-22 15:38
初试成绩还不错,2023-02-22 15:39
老哥咱俩考的一个方向,2023-02-22 17:49
我也想找学长😭,2023-02-22 17:49
求085402，集成电路的学长学姐，有偿,2023-02-22 20:25
顶,2023-02-22 21:15
顶顶顶,2023-02-22 21:50
#郑大##非全##MEM#,2023-02-22 13:48
每周都上,2023-02-22 21:38
本人今年考研，有相关的问题想向您咨询一下,2022-02-20 00:07
蹲一个,2022-02-22 22:04
蹲ing,2023-02-22 21:35
400分药学院准研一师兄在线解答郑大药学考研有关报考及复习方法问题,2018-06-29 07:55
其实是399分，差一分上400啊,2018-06-29 08:15
学长，我今年考研，我想问下药分专业怎么样啊，谢谢学长了,2018-06-29 08:26
学长。问一下，药剂的话多少分能上,2018-07-02 21:11
学长，想问下719无机的课本是那个版本，我已经复习了，发现版本不太对,2018-07-25 21:15
学长，我也想考郑大药学院，请问您是怎么规划复习时间的呀？用了哪些资料呢?,2018-08-13 10:34
药学院的药理是不是比医学院的分高,2019-01-21 09:14
学长好，想问一下今年药理线多少分？,2019-02-16 10:53
出药剂学硕资料,2019-07-03 14:30
考郑大药剂，可以加一下学长吗？,2020-02-20 13:38
学长我能加一下你q吗,2020-03-12 22:05
学长知道校选修课没过有什么影响么,2020-03-12 22:26
有没有组固定队伍的？贴主也平时兼职一下，一天有时候运气好赚个两三百，再不好也能挣个一百多，有兴趣可以，加我企鹅：2686719017,2020-07-06 14:08
郑州大学考研药学需要学位证吗？,2020-07-15 21:52
我想问一下报重修了，但是没有缴费，会有什么后果，这学期不缴费，下学期还可以吗，在线等，比较急,2020-07-15 22:38
学长 请问有导师推荐吗 好相处的那种,2023-02-22 21:02
,2022-03-04 09:16
你好 请问可以咨询药学方面问题吗,2023-02-22 20:48
想进长垣老乡群#考研##租房#,2022-03-14 11:31
学长 想咨询药学专硕的问题 有导师推荐吗 好相处的,2023-02-22 20:48
#2023药学考研#本人是2022届药学考研的，考到了郑州大学。专业课是349药学综合，我考研期间买了学长学姐的专业课资料，觉得药物化学写的不是很好，我就自己花费一个月写了一套，内容质量绝对可以。有兴趣的可以加我QQ861683196咨询。价格超低享受无价的服务#药学考研#,2022-07-01 17:06
请问能推荐导师吗 好相处的,2023-02-22 20:47
如题，本人系郑州大学19级药学院学生，报名了本校预推免，还有几天就要复试了，本科成绩在保研边缘，基础不牢，复试没有底，两眼一抹黑，蹲好心的学长学姐指导一下复试，有偿的，求求啦，联系QQ：3254791760，再次求求啦,2022-09-24 12:16
是因为保研名额扩容了吗,2022-09-25 00:38
请问有好的导师推荐吗,2023-02-22 20:46
请问有药学专硕导师推荐吗 想要好相处的导师,2023-02-22 20:45
,2023-02-22 20:29
数十年硕士录取经验，提供专业的复试指导和个性化调剂信息，给自己一个录取的机会！,2023-02-22 20:30
🐭🐭上次在学校吃早饭还是隔离餐,2023-02-22 19:11
一起聊聊,2023-02-22 19:35
3,2023-02-22 19:36
开学了吗。能外出吗？考研合租吗？,2023-02-18 21:08
已经毕业的还可以进去吗？急求,2023-02-18 23:29
你要找合租的一块学习吗？,2023-02-19 07:20
要不咱俩合租吧,2023-02-19 07:20
24考研资料持续更新ing☛苇❤️kaoyango23,2023-02-19 19:09
翰林国际孔园，家电齐全拎包入住，房东直租价低免纠纷，请联系🐧🐧491177964，祝学弟学妹们生活愉快！,2023-02-20 15:53
打扰了，出租次卧，自己房子，无中介费，郑州大学家属院，视野好，采光好，地铁口，盛和苑西门过马路就到郑州大学！拎包入住！24小时热水，空调家具家电齐全…wifi免费！15903627898  ，谢谢,2023-02-21 10:00
蹲一个水工结构的学姐，推荐一个好一点老师。鼠鼠求求了呐,2023-02-22 15:51
不知道，帮顶,2023-02-22 19:14
,2023-02-22 18:13
Up,2023-02-22 18:13
这种驾照能开啥车啊,2023-02-22 16:57
手动挡，自动挡，三轮车,2023-02-22 17:50
不知道，我只有D,2023-02-22 17:50
,2023-02-22 17:17
,2022-12-26 19:48
请问你收到郑州兴航科技的offer了吗,2022-12-30 10:01
想咨询一些问题，有偿,2023-02-22 17:09
今年考的化工专硕，排名17，有没有学长学姐给推荐一下导师呀，最好能介绍一下老师的性格~,2023-02-22 17:02
蹲一个化工学院化学工程学长或学姐，求导师推荐,2023-02-21 18:37
同求   材料与化工  排名41,2023-02-21 18:42
蹲,2023-02-22 14:06
蹲,2023-02-22 16:57
如题，我今年报本校的超算，想问下各位学长或者学姐具体导师和上课等问题,2023-02-22 16:56
"RT,鼠鼠被无线网折磨坏了，又听说下学期要拆宽带就没办宽带了",2023-02-22 16:18
蹲文博专业文化遗产方向的学长学姐，想请教一些问题，其他方向的也🉑,2023-02-22 16:11
,2023-02-22 15:31
校外人员， 对网络安全感兴趣。目前自学网络安全，0 基础。 想找一位本专业的同学 拜师学习。愿意付费,2023-02-22 13:15
你不如来学校蹭课,2023-02-22 13:41
来郑带蹭课呗,2023-02-22 13:41
学长学姐总结的近3年的资料，包含专业课，政治，英语，自我介绍，以及收集的往年真题等,2023-02-21 15:57
+v16653315478,2023-02-22 15:30
有力学与安全学院，资源与环境研究生学长学姐吗？有偿买考研资料,2021-04-09 21:12
我上岸了资源与环境的，专业课代码955安全工程基础。,2021-04-11 12:27
我今年力学院上岸，建议别买真题，不知道哪搞的题就说是真题，小心被骗,2021-04-11 23:50
,2021-04-12 09:52
着急，在线等，学长学姐看过来，看过来，准备考报考贵校的 086100交通运输硕士，专业课是984工程力学。或者085700资源与环境硕士，专业课是955安全工程基础，有没有了解的学长学姐给下经验需要什么水平可以上，还有复习资料。,2019-09-15 13:38
好好复习就行，不用想太多,2019-09-19 09:37
我是安全工程的学长，955安全基础的，你有什么问题吗？,2019-09-19 17:41
保利文化广场跃层，自己家的出租,2023-02-22 14:45
1100，一个月，物业费我们缴,2023-02-22 14:46
想看了可以加我微信15517551552,2023-02-22 14:46
篮球社还收人吗？有没有群,2023-02-22 14:22
1,2023-02-22 14:40
想蹲一下水利工程的学长学姐，有些复试和导师的问题想咨询一下，可有偿,2023-02-22 14:37
私信哦,2023-02-22 14:29
第一次重修没过，第二次重修及格线还是70吗？会加码到80吗？,2023-02-21 17:00
60分就是及格，和重修补考没关系的,2023-02-21 22:40
教务系统进不去啊啊啊啊啊，又崩了？,2023-02-22 14:15
,2023-02-22 14:03
给孩子说一下各个老师性格，谢谢了,2023-02-22 14:00
解决大家学校里做头发不好看的问题,2023-02-22 13:55
一直都想找学长咨询问题，线上导致我还什么都不懂，,2023-02-09 10:10
我怎么听到有人说计算机技术基础（双语版）的是开卷考试啊，应该不太可能吧,2023-02-09 10:11
专业课什么时候考试有消息了吗，有点慌啊。,2023-02-09 10:13
计算机院吧,2023-02-09 12:48
我带你,2023-02-18 08:49
有没有计算机技术基础往年的卷子啊,2023-02-22 13:47
有无物理学院仪器仪表工程的学姐学长可以给孩子推荐一下导师,2023-02-22 13:46
计算机科学与技术，今年多少分呢求分享,2023-02-22 13:30
这下再也不用担心概率论会挂了,2023-02-21 22:12
这就是o给我的自信,2023-02-21 22:13
,2023-02-21 22:13
然后我考完了现在在学数理统计,2023-02-21 22:56
快让我品鉴一下,2023-02-21 23:35
从概率论到数理统计到随机过程到自闭,2023-02-22 04:29
他的速成讲的还行,2023-02-22 07:40
呕批，我超,2023-02-22 12:38
昨天去上课 看到这张图片,2023-02-22 07:09
,2023-02-22 07:45
蒸馍，你不扶器？,2023-02-22 07:46
今天不都是网课吗？,2023-02-22 07:59
哪次不是这样,2023-02-22 08:17
,2023-02-22 10:53
,2023-02-22 12:31
,2023-02-22 12:27
想联系个网安的学长，想要咨询点问题,2023-02-22 09:09
研究生？,2023-02-22 11:10
想找仪器仪表工程的研究生学长学姐咨询一下复试和导师的有关情况，谢谢。,2023-02-22 11:51
,2023-02-20 20:34
23复试资料在里面 24考研加油！,2023-02-21 01:59
,2023-02-21 02:00
主校区均可,2023-02-22 11:38
有没有通信的研究生学长学姐,2023-02-22 11:13
现在文化理科420 体育148+有机会郑州大学吗,2023-02-22 11:01
,2023-02-22 10:58
好像是因为社会声誉把化工A-拿了，评估还是B+,2023-02-22 09:10
,2023-02-22 09:39
,2023-02-22 09:51
,2023-02-22 09:58
郑大听说3A类了,2023-02-22 10:03
顶真？,2023-02-22 10:09
“听说”“好像”,2023-02-22 10:55
,2023-02-22 10:03
,2022-05-07 14:47
,2022-05-08 02:43
23复试资料在里面 24考研加油！,2023-02-22 10:53
咨询一些问题，求！！！,2023-02-21 23:59
如果有条件或者有意向找学长学姐辅导，可以去报个那种直系学长1对1的班，就是你报考学校的研究生学长来辅导你，我就是在浩学考研学习的，安排的是直系高分学姐一对一指导的，上课前看证件，真题资料都是学姐给我邮寄过来的，性价比挺高的，因为跨城市考，距离目标学校有点远，就上了直播一对一，还可以回放，上课也有重难点，平时也有班主任督学，对于公共课当时除了分享视频给我，还送了公共课资料和刷题题库，像政治主流老师的押题都有，英语也有真题和长难句分析，用起来很好，我当时报的是浩学考研，你也可以百度去他们官网了解。,2023-02-22 09:30
求力学与安全工程学院的学长学姐，想问一下关于研究生复试的问题~,2022-02-24 08:55
,2022-02-26 18:18
私聊,2022-02-26 18:25
,2022-04-02 18:51
请讲,2022-04-02 23:56
你说,2022-04-03 17:57
有没有先进院电子信息的学长学姐啊，我想问一下先进院的复试大概流程。,2023-02-22 10:28
,2023-02-22 10:21
,2023-02-21 18:15
有人知道吗？,2023-02-22 09:35
,2023-02-22 09:33
,2023-02-21 18:16
顶,2023-02-21 19:24
滴滴,2023-02-22 09:12
考研的同学们很多时间都用在找资料上面。有几百的也有几十块的，也有十几块的，我感觉其实内容都差不多，最实惠的就是关注公众号（金榜资料），里面资料和网盘里都是一样的还免费何乐而不为呢,2023-02-22 08:54
,2023-02-18 11:25
运动鞋呀，布鞋都可以。,2023-02-18 11:25
,2023-02-20 22:40
好的，鞋子啊。,2023-02-22 08:47
纠结死了 请学长支招哪个好啊。。。,2013-08-09 13:36
来人啊,2013-08-09 13:37
建筑学,2013-08-09 13:37
求救啊,2013-08-09 13:37
来人啦 求救,2013-08-09 13:39
楼主现在咋样了,2023-02-22 08:44
专业课考的太差了,2023-02-21 21:23
记得去补考,2023-02-21 21:36
记得重修,2023-02-21 22:07
记得交钱,2023-02-21 22:07
补考呗,2023-02-22 08:17
挂,2023-02-22 08:22
,2023-02-22 08:00
,2023-02-21 17:22
顶,2023-02-21 18:15
救救孩子,2023-02-22 05:45
让郑带🐭🐭也赢赢,2023-01-03 18:31
输   可以发邮件问问郑大学科建设处,2023-01-03 18:52
蹲个结果,2023-01-03 19:16
cy,2023-01-03 19:20
jyb让保密，这几天看吧里的消息是2个或3个A-，14个B+,2023-01-03 23:07
学科评估已经算黄了吧,2023-01-04 08:21
不是说2a-，1b+吗，反正win就完事了,2023-01-04 10:12
保密了，不让说了。,2023-01-04 12:56
赢了就行,2023-01-04 13:36
私我留qq我 一个一个加,2023-02-21 22:34
老师需要提前联系吗，有明白的可以讲讲，到学校请你吃饭，今天太煎熬了,2023-02-21 20:28
学长今年情况咋样,2023-02-21 20:43
恭喜🎉,2023-02-21 21:16
你考的学硕还是专硕啊,2023-02-21 22:14
,2021-08-16 20:34
你上岸了吗同学,2023-02-21 22:03
定向选调生进面的小伙伴来,2023-02-21 21:48
面试交流，老师指导，可试听，加v15660159511,2023-02-21 21:49
想考完试带着室友去玩玩，金水路店和未来路店哪个好、我看未来路店要贵40块、好纠结,2023-02-13 22:08
开因怕不喊我是吧😡,2023-02-13 22:35
开impart不叫我是吧😡,2023-02-13 22:43
洗个澡一两百？,2023-02-13 22:53
开impart不喊我,2023-02-13 23:20
金水路的一般，里面设施不齐,2023-02-13 23:46
开impart不喊我,2023-02-14 00:15
不知道,2023-02-14 06:58
,2023-02-14 07:53
impart是吧,2023-02-14 08:09
我的评价是不如汤悦温泉,2023-02-14 09:07
不叫我？,2023-02-14 15:20
出来喝酒可以私我订台哦,2023-02-15 14:23
,2023-02-16 23:35
去你家,2023-02-21 21:16
八号楼赢麻麻，给红专路一点小小的北区震撼,2023-02-20 12:36
去吃小肥羊咯,2023-02-20 12:36
校外人员可以进吗,2023-02-20 14:24
不是全天开放我不是很认可,2023-02-20 15:39
好耶,2023-02-21 01:18
富哥v50,2023-02-21 21:09
计算机基础题库在哪看啊，鼠鼠找不到，马上就要考试了,2023-02-21 20:55
如题😭😭😭😭能追到什么程度,2022-06-24 15:00
我85追到64结果刚才一个专业课寄了成75了😭😭😭,2022-06-24 15:28
不好追,2022-06-24 17:44
"从后往前好进,从中往前难进",2022-06-24 17:46
不好追，加油吧。一切皆有可能。,2022-06-24 18:21
下学期均绩3.7，然后排名没怎么动，你说好追吗,2022-06-24 18:47
别放弃，一切皆有可能。要看学院保研政策，我们学院不挂科和过四六级是基本。可能到最后一学期，保研资格才能见分晓。,2022-06-24 18:51
只会越来越摆。认清自己吧,2022-06-24 19:51
得看专业，机械能追回来,2022-06-24 23:12
字词正义开摆,2022-06-25 12:19
要看你寄发哦什么程度,2022-06-25 14:18
追不回来,2022-06-26 01:16
寄了,2022-06-26 10:15
你不会是物理学院的吧🧐,2022-07-04 03:14
绩点1.几,2023-02-19 19:28
我大一90名，努力学了两年40名，很难的,2023-02-21 20:12
,2023-02-21 16:37
,2023-02-21 17:09
快跑！,2023-02-21 20:14
,2022-11-25 00:24
,2022-11-25 00:51
润到家了,2022-11-25 07:49
,2022-11-25 08:11
看看p,2022-11-25 08:11
+3,2022-11-25 08:43
,2022-11-25 09:27
+叁,2022-11-25 10:17
坚守到最后一刻,2022-11-25 10:50
,2022-11-25 11:52
,2022-11-25 11:55
,2022-11-25 12:06
,2022-11-25 12:47
3,2022-11-25 13:30
3,2022-11-25 14:28
,2022-11-25 14:37
回湖南要隔离吗,2022-11-25 14:44
,2022-11-25 14:46
,2022-11-25 14:48
,2022-11-25 16:42
,2022-11-25 19:02
,2022-11-25 19:59
,2022-11-25 21:59
3,2022-11-25 22:55
3,2022-11-26 00:41
,2022-11-26 01:01
,2022-11-26 06:30
,2022-11-26 07:31
看看p,2022-11-26 17:18
捞翔捏,2022-11-28 17:09
,2022-11-29 08:21
看看香P,2022-11-29 09:28
,2022-11-29 09:39
,2022-12-03 18:14
,2022-12-04 00:59
好看,2022-12-09 00:37
你好，能帮我联系一位想当家教的同学吗？孩子今年高三，需要一位咱郑州大学的同学做家教。我电话是18838269152.13526676783.谢谢您 ！,2023-02-20 11:41
,2023-02-21 19:45
#23考研#  23考研，想找水利工程专硕的学长学姐,2023-02-21 19:42
法硕非法学专业的话,2023-02-01 16:36
研三才把四级考过，怎么说？,2023-02-01 17:14
顶,2023-02-01 18:10
顶,2023-02-01 18:27
没有人吗,2023-02-02 19:28
求关注,2023-02-02 23:16
不一定，但是这是很大劣势,2023-02-08 14:44
分院吧，我也没过照样录了,2023-02-08 15:11
,2023-02-21 19:35
有没有发展与教育研究生学长学姐推荐一下导师，以及联系方式,2023-02-21 19:34
,2023-02-21 19:15
,2023-02-21 19:10
各位帅鼠鼠是怎么在学校找到女朋友的？,2023-02-20 22:01
学校发的,2023-02-20 22:18
开学扫码领的,2023-02-20 22:22
租借的,2023-02-21 01:15
在游戏里找虚拟女友,2023-02-21 08:52
室友,2023-02-21 12:02
不会都没吧,2023-02-21 12:16
有的话还会在8里水经验,2023-02-21 13:11
你的名字就不适合找对象了,2023-02-21 17:36
130G流量,2023-02-21 18:01
怎么解决啊兄弟们,2023-02-17 10:38
顶,2023-02-17 13:16
狠狠顶,2023-02-17 13:16
重置网络适配器,2023-02-17 16:21
我也是啊，更新了个最新win11预览版，就找不到网卡了，但是网卡驱动都在,2023-02-20 11:53
你解决了没,2023-02-20 12:03
,2023-01-19 21:29
可以的吧,2023-02-20 14:23
谁又不是双非呢,2023-02-20 14:28
双非可以考，不过导师比较喜欢本校的,2023-02-21 16:34
不知道去哪里，咱们可以一起，看看哪比较好,2023-02-21 17:48
,2023-02-21 17:43
有没有先研院学有机的学姐学长们啊,2023-02-21 12:57
先研院貌似调剂分数很高,2023-02-21 17:37
郑大在职复试，有没有一起的小伙伴？,2023-02-21 17:10
郑大在职考研复试资料,2023-02-21 17:16
郑大在职研究生公共管理硕士推荐导师,2023-02-21 17:19
想问一下有关复试和导师的问题,2023-02-21 11:14
同求,2023-02-21 14:09
同求,2023-02-21 17:17
郑州本地家教！时薪40~500r，有需要的可以d，有现单,2023-02-21 16:56
有没有程敬亮老师的研究生，成绩不错。有没有人能牵个线，可能能成为同门师兄弟,2023-02-21 16:32
有人认识程老师的研究生吗，必有重谢,2023-02-21 16:38
,2023-02-20 10:09
寒武纪的鱼,2023-02-20 10:36
,2023-02-20 10:41
我爱郑大,2023-02-20 10:45
论文质量还有空间,2023-02-20 10:47
嘤嘤嘤,2023-02-20 10:59
赢！,2023-02-20 11:10
天天win是吧,2023-02-20 11:26
天天赢😄，怎么还没超越四川大学？,2023-02-20 12:42
垃圾学校都是天天赢也进不了前二十😄,2023-02-20 12:42
,2023-02-20 14:14
win win win,2023-02-20 15:09
吧都没了，还赢呢,2023-02-20 17:03
你郑哪次不赢！,2023-02-20 17:28
毕业季二手物品交流群：lhlh369,2023-02-20 17:53
好好好,2023-02-20 18:09
✌榜是吧,2023-02-20 18:30
我华水呢,2023-02-21 07:42
,2023-02-21 12:13
赢麻，官公号也天天发，要不是我是这个学校毕业的，还就真信了,2023-02-21 13:11
+3,2023-02-21 16:19
兄弟姐妹们，考研出成绩了，化学专业有没有人给讲一下老师，球球了#考研成绩#,2023-02-21 15:21
大概是毕业前夕，有一个科研助理的事情，导员会给你分析这，分析那。实际上就是学校提高就业率和保证生源，我报名的时候，是按照绩点高低来分的。辅导员讲的是只要进了科研助理考研考本校，过了复试线就要，而且科研助理有一年的工作日程，算到你的研究生里面，只需要上两年就毕业。实际上在8，9月份，会有人让你签个合约，前半年是没有事给你做的，也没有工资，让你专心复习。等到分数下来以后，跟你说其实不是免复试，你还要进行复试，只不过比别人有优势，优势在哪，他也说不上来。最终还是看分数，只能说优点就是免一年上学，其他没了。,2023-02-21 14:00
希望各位学长学姐看到后可以联系我一下，真的有偿问答！不要机构，只要学长学姐,2023-02-21 14:38
路过帮顶,2023-02-21 14:59
,2023-02-21 14:04
苏承国老师，水利水电专业(主攻风光储等新能源联合调度),2023-02-21 14:48
求求材料与化工的学长学姐，查完成绩后对复试很焦虑，想找个学长学姐咨询咨询复试以及导师情况，有偿❤️❤️❤️。,2023-02-21 14:24
,2022-02-12 01:39
23加油 22复试资料在里面,2022-02-12 02:09
,2022-02-12 02:09
复试必胜！,2023-02-21 14:20
,2023-02-18 13:53
救救孩子吧,2023-02-18 13:53
考上了告诉我一声,2023-02-20 18:42
帮顶,2023-02-21 14:08
,2020-10-18 10:02
,2022-01-01 11:16
23复试资料在里面 24初试加油！,2023-02-12 13:25
不是pz不是pw不是黄牛，诚信交易，有事去不了了，可走咸鱼！,2023-02-21 10:49
不错不错,2023-02-21 13:20
求助郑州大学应用心理考研学长学姐，孩子焦虑死啦！或者郑州大学的考研群也行啊啊啊！,2023-02-20 14:54
可以介绍,2023-02-20 15:20
不错,2023-02-21 13:20
,2022-12-17 13:38
,2022-12-17 15:24
,2022-12-18 10:47
,2022-12-18 12:38
混进来了一个奇怪的东西,2022-12-18 12:54
一步登天,2022-12-18 13:03
除了7我都愿意,2022-12-18 15:06
win,2022-12-18 17:51
,2022-12-18 18:01
除了567都愿意,2022-12-18 21:53
,2023-02-21 12:18
专业，可免费咨询,2023-02-21 12:16
急求大家帮忙填个调查问卷，我发誓不是广告，不是诈骗，是大学生的作业，要完成不了了😭😭😭😭，谢谢大家,2023-02-21 10:10
好似,2023-02-21 12:16
三室的房子，郑大北门，结果朋友不考了😭😭😭，现在空出来两间，有没有考试的，一起租住，我是女生，希望都是女生，15660919110,2023-02-21 12:12
如题，有学弟愿意出私我就行,2023-01-08 13:19
,2023-01-08 13:21
什么是出入码,2023-01-08 14:12
正确的,2023-01-24 17:26
现在出入码每天生成不同随机数，每天背景颜色不同，还得闪烁,2023-01-30 02:54
楼主进去了吗？怎么操作的，同样想进去跑步的飘过。,2023-02-17 15:51
085600材料与化工复试资料需要d我,2023-02-21 11:52
,2023-02-20 18:42
dd,2023-02-21 11:49
,2023-01-31 18:04
3,2023-01-31 18:37
好好好,2023-01-31 22:35
3,2023-02-01 15:39
好，不过我想稍作修改，命郑州大学为985大学。,2023-02-01 16:03
,2023-02-01 16:17
支持,2023-02-02 08:02
好好好,2023-02-02 12:23
,2023-02-02 14:46
,2023-02-03 14:44
早该这样了,2023-02-03 15:56
,2023-02-03 16:12
好好好,2023-02-03 16:41
+3,2023-02-03 18:54
玩原神玩的,2023-02-03 19:34
好似,2023-02-03 21:02
🍾🍾🍾🍾🍾,2023-02-03 23:24
提前毕业发证,2023-02-04 06:18
md 我还以为是真的,2023-02-04 14:43
,2023-02-04 19:11
666,2023-02-07 16:51
烂活,2023-02-07 17:48
,2023-02-07 20:14
假的,2023-02-09 08:28
郑大不过是畸形年代的一个畸形产物，关门也罢,2023-02-09 08:32
666,2023-02-09 09:30
依托答辩,2023-02-09 11:41
前一阵，老师发不出工资，这事怎么处理的？,2023-02-09 17:29
好,2023-02-09 18:15
3,2023-02-10 15:11
有意向私信,2023-02-21 10:29
请问一个专业代码下有全日制和非全日制，查分查出的排名是一起排的吗？,2023-02-21 10:26
吧友们，收机械制造工艺学复试资料，有的话可以联系我,2023-02-20 19:23
我这里有怎么联系,2023-02-20 22:41
外校生可进郑大不,2023-02-20 21:26
可以,2023-02-20 21:39
可以，爬着进,2023-02-20 21:41
偷偷进，有时候门口保安会发疯看你的进去码，低调点进,2023-02-20 21:43
看保安心情,2023-02-21 08:26
不知道,2023-02-21 08:54
,2023-02-14 11:46
23复试加油 24考研加油！,2023-02-14 13:03
,2023-02-14 13:03
复试必胜！,2023-02-21 08:10
RT,2023-02-20 11:09
互通是什么意思,2023-02-20 11:57
可以的，扫个码就进来了,2023-02-20 19:41
🉑,2023-02-21 07:42
可,2023-02-21 08:02
一哥们捧着花在16楼下快站了一天了~~,2016-05-21 17:04
看到了,2016-05-21 17:05
好牛逼的感觉,2016-05-21 17:11
还在啊,2016-05-21 17:14
16楼？哪个园？,2016-05-21 17:16
圆形广场坐上是几号楼,2016-05-21 17:31
这个爱情看不得坚持不坚持，不喜欢就不可能喜欢，不过坚持下去还不错，会明白的,2016-05-21 17:34
我去，还在那。。,2016-05-21 17:34
,2016-05-21 17:35
照片,2016-05-21 17:35
这就是年少的时候的爱情吧，或许以后有人为你花大把的钱，可在楼下晒一天的人很少,2016-05-21 17:40
经过他旁边三次 只能说这孩子真痴情可惜是愚痴,2016-05-21 17:40
现在还在，晒黑了都,2016-05-21 17:41
来来来，图片来了，吧友拍的，,2016-05-21 17:42
给你们上张图,2016-05-21 17:43
这哥们还在,2016-05-21 17:43
啧啧啧，都是爱情,2016-05-21 17:46
666,2016-05-21 17:49
长得怎么样,2016-05-21 17:57
那哥们旁边有很多水，看来大家还是蛮有爱心的,2016-05-21 18:04
不值得,2016-05-21 18:12
"这个6,可以的兄弟",2016-05-21 18:21
为这哥们点赞,2016-05-21 18:30
毅力💯啊,2016-05-21 18:41
站一天。。。。,2016-05-21 18:44
还在不在,2016-05-21 19:03
还在,2016-05-21 19:07
真不是道歉来的?,2016-05-21 19:09
逼婚,2016-05-21 19:10
偶像，换我做不到,2016-05-21 19:23
我就知道扣1有用😭😭😭,2023-02-20 17:45
好好好,2023-02-20 18:02
发生甚么事了,2023-02-20 19:43
one one one,2023-02-20 21:45
,2023-02-20 16:18
个人原因，买错了，换票也可以,2023-02-20 16:19
原价出两张588连坐,2023-02-20 21:14
有没有哪个吧友选的也是这个侵权责任法，我在慕课软件里面认证需要那个认证码，但是不知道，这个是要找辅导员问吗？还是什么其他的,2023-02-20 20:22
同问,2023-02-20 20:47
六个1，基本上都是这个,2023-02-20 21:04
出校门看出入码不,2023-02-19 12:52
顶,2023-02-19 12:54
顶,2023-02-19 13:36
顶,2023-02-19 13:51
东门出去不看,2023-02-19 16:52
出门不看，入校要看,2023-02-20 19:47
请教，大一新生期末考试，考号格式写错了，考号没错，对成绩有影响吗？,2023-02-19 15:43
什么是考号格式写错了，是大英吗？问你们老师，应该问题不大,2023-02-20 19:46
保卫处是不是会把停在教学区的自行车拉走？,2023-02-19 22:46
是。往教学区去的路口上都放着牌子写核心教学区不能骑车，为啥还要往里面停,2023-02-20 19:45
毕业几年了，想回去看看,2023-02-20 05:32
找个在校生要个扫码的截图就行了,2023-02-20 19:42
如题,2023-02-20 11:57
我们实变老师,2023-02-20 19:40
,2023-02-16 15:31
,2023-02-16 15:41
哇哦雅迪,2023-02-16 15:43
,2023-02-16 15:43
有木有人？,2023-02-20 14:32
,2023-02-13 13:40
你好，我想买电动车，微信15903687970,2023-02-20 18:03
我想问一下期末考试那个考号没按要求写会不会直接零分啊😱 有没有啥办法啊,2023-02-19 12:26
,2023-02-20 00:07
不会，有名字，找得到你,2023-02-20 17:48
rt，是寄不是收。如果不能寄，那学校里哪里可以寄呢？,2023-02-20 15:57
如题 8元一份 我在郑大南校区附近~有意者跟帖 好像不是最新的 但是真题量足够,2023-02-19 15:48
自己顶下,2023-02-20 15:18
文件说是2018 7.1起原学位证政策废止 不知道对15级适用不,2019-01-19 22:41
感觉15级夹在新政策和旧政策之间 不知道到底用哪个..,2019-01-19 22:42
问辅导员他说让我问教务处 教务处也没人接电话 醉了,2019-01-19 22:44
额 有人知道吗,2019-01-19 22:52
晚安,2019-01-20 00:07
用进校时的政策,2019-01-20 00:09
有用应该是,2019-01-20 01:22
15级用以前的吧,2019-01-20 17:34
取消清考哪儿开始的，楼主想想,2019-01-20 18:16
15级按以前的，学位重修的都懂,2019-01-20 21:44
新政策是挂四科且平均G点2.0以下没学位证,2019-01-20 22:21
那现在15级有没有创新学分？,2019-01-20 22:45
同问？？？,2019-05-04 01:19
所以，学长，你们最后按的哪个政策?,2023-02-20 14:54
求郑州大学心理专硕学姐学长，孩子要焦虑死啦！,2023-02-20 14:26
,2023-02-20 14:47
,2023-02-20 07:32
学校不是有🐴,2023-02-20 13:54
,2023-02-19 17:54
🆙,2023-02-19 22:16
欢迎各位投递，有郑州的岗位。在科学校区附近赛微产业园。工资也是郑州天花板了，公司有不少郑大校招进来的。,2022-08-30 12:16
华三确实可以，首先考虑易盛吧不行了再去华三,2022-08-30 12:31
只要宇宙机是吧😭😭,2022-08-30 13:39
求捞,2023-02-18 12:02
,2023-02-18 13:22
,2023-02-18 13:39
,2023-02-18 14:15
,2023-02-18 14:26
,2023-02-18 14:49
,2023-02-18 15:24
,2023-02-18 15:25
,2023-02-18 15:27
,2023-02-18 15:52
,2023-02-18 16:05
,2023-02-18 16:47
,2023-02-18 17:13
,2023-02-18 17:26
,2023-02-18 17:30
,2023-02-18 17:50
,2023-02-18 17:54
,2023-02-18 18:34
,2023-02-18 19:15
积分方程不会，这类型的全空了,2023-02-18 19:33
,2023-02-18 20:35
微积分II更恶心,2023-02-18 21:24
同学给我发一下学号姓名，我留意一下,2023-02-19 08:51
,2023-02-19 09:00
哦豁,2023-02-19 10:36
,2023-02-19 12:51
,2023-02-19 15:52
,2023-02-19 22:07
建议用这个,2023-02-19 22:23
,2023-02-20 12:00
如题,2023-02-20 12:07
友友们，我是工大的，可以进来郑大吗？,2023-02-20 10:59
借个号扫码就能进,2023-02-20 11:57
,2023-02-15 22:33
支持楼主打∠，楼主一年打365天不在话下，,2023-02-15 22:57
什么超人，连续212天还那么浓,2023-02-15 23:05
玩原神玩的,2023-02-15 23:38
这个是多老的新闻了,2023-02-15 23:47
,2023-02-16 00:02
,2023-02-16 06:49
,2023-02-16 08:00
年轻就是好啊,2023-02-16 08:04
邪淫,2023-02-16 08:14
,2023-02-16 08:49
,2023-02-16 09:06
是我捏,2023-02-16 10:14
谁家女孩叫牛大荣啊,2023-02-16 10:22
机关枪啊，不怕炸膛了用不成了？,2023-02-16 17:49
你可以试试喵,2023-02-16 20:56
,2023-01-27 18:21
输麻了,2023-01-27 21:02
输输输,2023-01-27 21:23
别急别急，我们可能是那部分中风险大学没有被列出来的，这下又可以赢了,2023-01-27 22:00
难蚌,2023-01-27 22:36
,2023-01-27 23:07
戳辣，郑带是高风险地区,2023-01-27 23:12
,2023-01-27 23:31
大连民族大学是高风险？？就是因为有个民族是吧,2023-01-28 00:52
,2023-01-28 07:21
,2023-01-28 08:54
什么dinner竟然还会做EXCEL,2023-01-28 12:07
河科大都中风险，输,2023-01-28 12:08
无锁胃，我是FW,2023-01-28 12:17
卧槽，隔壁沈理这么牛？,2023-01-28 15:07
郑带收到🇺🇸人的认可，可以去留学了，win,2023-01-28 16:25
杭电没有威胁，可以给霉菌带路,2023-01-28 16:31
有白衣在，任何霉菌都将被绳之以法,2023-01-29 02:48
郑大不是大专吗,2023-01-29 13:26
清北都不算啥威胁,2023-01-30 14:35
QQ好友求加：3518697170。可聊天可解闷！,2023-01-31 19:30
给郑✌请安了,2023-01-31 19:56
,2023-02-02 22:10
这多好，打不到咱这,2023-02-08 15:30
,2023-02-10 15:17
家人们谁懂,2023-02-20 10:41
,2023-02-20 11:16
有没有公共管理学院国际政治科目的学长学姐呀，想问下考试要看的专业书,2020-10-12 12:45
真题资料也可。对这个专业感兴趣，想考这个。辛苦学长学姐了,2020-10-12 12:46
滴滴,2020-10-13 21:30
请问楼主上岸了吗，祝好，我也是24郑大国际政治专业考研人，求学长学姐交流,2023-02-20 09:12
咱们什么时候升大学啊改名啊🤔看省内高校最近都在关注这个,2023-02-19 20:22
醒醒咱们是驾校,2023-02-19 21:43
郑穆斯特丹大学改名在进行了,2023-02-20 00:53
本人在惠济区双桥花卉市场，想找学校内的同学在校内摆摊卖花，花筒板车包括鲜花我可以提供，有兴趣的可以找我聊聊，手机号:18053866001（同微信）,2023-02-19 23:24
,2022-06-12 16:16
怎么样,2023-02-19 21:38
如题,2023-02-19 17:04
随便进,2023-02-19 17:30
欢迎学长,2023-02-19 19:31
,2023-02-19 19:17
,2023-02-17 13:17
dd,2023-02-17 16:59
,2023-02-17 23:00
烧麦,2023-02-19 18:52
新校区附近合租啦。有兴趣聊一聊哈哈哈,2023-02-19 18:14
兄弟们，问一下咱线代有平时分么,2023-02-19 11:58
不知道啊 有的人说有2.30分 有的人说没有 搞不清楚,2023-02-19 17:13
,2023-02-15 11:24
,2023-02-15 11:49
就业平台上好像给的7~10k,2023-02-15 14:57
硕士10K。。。,2023-02-15 17:09
顶一下,2023-02-15 23:19
哪里的？郑州的么,2023-02-16 00:06
真不错啊,2023-02-16 08:05
招聘条件上说10k，那是不是实际到手就每月5k了,2023-02-17 11:43
转正薪资多少啊,2023-02-17 18:20
有没有人出校级学术报告登记表的，急求，有偿买,2023-02-19 16:44
时间周日，两个小时，地点金水区正弘城，有意私聊，讲的好价钱不会少,2023-02-18 22:01
顶一下,2023-02-19 13:19
我可以,2023-02-19 15:04
我,2023-02-19 16:36
8u🚪，学校里面配眼镜靠谱不，坑不坑。,2023-02-19 12:48
,2023-02-19 11:37
孩子初一，需要补习！需要勤工俭学的大学生私聊:17537120567微信同步,2023-02-19 10:33
这附近有拳馆没啊，,2023-02-19 10:27
,2023-02-18 22:21
同问,2023-02-19 07:53
🐭🐭是北区的，过两天就要考复变函数了，但是还是没有这一门的白皮书，能不能救救🐭🐭啊😭😭😭😭😭，电子版，照片啥的都行😭😭😭😭😭,2023-02-18 01:36
求求惹😭😭😭😭,2023-02-18 16:46
我也要完蛋了😭😭😭,2023-02-19 01:07
,2023-02-18 14:01
可以今天有好多小学生和大人拍照,2023-02-18 17:25
已经毕业的学生可以进去吗？,2023-02-18 23:25
好像可以了,2023-02-19 00:08
我们学校的英语容易挂科嘛,2023-02-18 23:15
谢邀，不知道捏,2023-02-18 23:40
我进去办点事。,2023-02-17 17:59
有人吗？,2023-02-17 18:27
+3。,2023-02-17 20:05
+3。,2023-02-18 09:36
同问,2023-02-18 23:26
,2023-02-18 22:31
深圳某迪新能源车企招聘工程师，要求211或者985工科毕业生(23届应届毕业生)，7000到11000元(具体根据专业来定)。要求：挂科不能超过3门，不能清考，英语4级425分以上。,2022-09-19 16:28
比亚迪,2022-09-19 23:40
我这挂五科能去不,2022-09-19 23:40
深圳比亚迪这钱谁去啊？一线城市的制造业开这点钱？血汗工厂真不是白吹的。,2022-09-21 10:06
还有没有？要求会越来越高的,2023-02-17 16:19
如题，收一张瑜伽健身卡,2023-02-18 21:46
,2023-02-14 15:57
每天提供兼职信息，加cainiaoyz105，正规兼职，广告人员勿扰。,2023-02-14 16:41
您好，我们店在工大西门对面，招聘一名前台主要负责刷卡工作，全部利用课余时间，您看方便么。,2023-02-14 18:50
蹲蹲蹲,2023-02-15 10:03
蹲,2023-02-15 17:15
有业余时间的，可以联系我,2023-02-17 11:01
暑假工做吗,2023-02-18 21:04
22级新生今天无机化学补考了，现在很担心自己能不能过😂😂😨😨,2023-02-18 16:13
两三周吧,2023-02-18 20:39
化院的？那你有福了，19级表现得很差劲，臧院长下决心要好好整顿下面的几届。,2023-02-18 20:39
郑大土木研究生导师岩土与地下方向选哪个导师好点，有没有需要避坑的,2023-02-18 19:02
想用美团优选买点水果啥的，哪位微信群能拉我一下吗,2023-02-18 18:37
速度7月份左右授权,2023-02-18 18:10
郑州大学美团优选校内自提点，可送货到宿舍楼下，需要的的同学可以加群,2022-09-12 01:34
,2022-09-12 08:26
,2022-09-12 09:00
码过期了，还能加吗,2023-02-18 17:51
郑州大学有刷鞋的地方吗,2023-02-18 16:50
想问下心理咨询中心是否接受校外咨询，咨询中心老师的电话是多少,2022-08-25 11:27
抬一下自己,2022-08-25 11:29
在20年疫情以前，学校自由出入的时候，晚上有返校时间限制吗？可不可以不申请直接夜不归宿,2023-02-08 10:30
以前没人管你归不归，根本没人申请，经常莲花市场整夜ktv上网。返校时间的话，我记得是到了太晚的时候，校门可能关了,2023-02-08 10:38
求租北校一卡通，要二战了,2023-02-08 17:34
,2023-02-11 22:55
疫情也没管过夜不归宿啊，你见过宿管查房吗,2023-02-12 02:37
没有吧，本科时候住荷园没门禁，北门上网上到一点多还能从北门刷卡进来，然后回宿舍睡觉，夜不归宿也没人管,2023-02-12 15:48
没有，不会宿舍没事,2023-02-12 15:48
以前胆子够大，一学期不上课去旅游都没问题,2023-02-12 18:58
别死就行,2023-02-13 01:35
寻找在校大一学生，辅导高中语数外，可线上辅导，价格可谈，QQ：2535210224,2023-02-18 15:17
想咨询一下这个单位的水利部待遇怎么样？建议去吗？,2023-02-18 13:30
要找工作了，不知道有没校友在河南省交通规划设计研究院工作,2017-10-22 22:48
他没来咱学校啊,2017-10-22 22:56
轨道的吧😊！,2017-10-22 23:36
待遇一般,2017-11-22 22:50
楼主签了吗,2018-01-16 16:38
想了解，可以私信我,2018-06-29 10:14
我在里面呆了半年就出来了,2018-07-02 16:03
辣鸡单位，千万不要来,2018-09-03 10:34
省院挺好的，起码在河南省找不到第二家能比省院好的单位，我说的是做交通设计这块的！去那里都要努力，公司只是提供一个平台，关键还在于个人,2019-07-05 11:38
文化路那个？,2019-10-19 16:54
有一句话说，所有的省院待遇都不错(除了河南省院)。,2021-12-18 20:15
想问下如果签约了毁约容易吗，会一直拖着拖很久吗,2023-01-11 16:30
,2023-02-17 15:25
3,2023-02-17 15:25
,2023-02-18 08:02
3,2023-02-18 10:33
6,2023-02-18 11:08
有老哥知道郑大水院研究生在哪个校区吗？,2023-02-18 10:12
,2023-02-13 10:12
没有吧,2023-02-13 11:01
有没有一种可能是我在开热点,2023-02-13 11:20
有没有一种可能这是私人热点的名字,2023-02-13 19:29
找到了，谢谢哈,2023-02-18 10:00
rt,2023-02-17 07:39
老师一般会发一个单词总结的,2023-02-17 15:38
嗯背,2023-02-18 09:05
同志们，最近路上怎么这么多留学生出现，而且物理管好多留学生上课。整个楼道全是好难闻的香水味啊,2023-02-16 15:52
这是你的福报,2023-02-16 15:54
那个香水味着实受不了，每次经过都感觉刺鼻,2023-02-16 21:18
还真是,2023-02-16 21:24
黑人香水喷的多，其他还好，,2023-02-17 12:22
物理馆遇到好多次外国人,2023-02-17 16:05
,2023-02-17 23:38
为什么不洗澡呢,2023-02-18 02:23
我遇到过不喷的，熏了我一节课,2023-02-18 08:58
高三自读男生，需陪读家教。要求：今年大一学生，高考分数600以上，男生最好。高薪诚聘，可电话详谈，17513280629，赵。,2023-02-18 08:09
室友天天看塔菲七海阿梓外放，我是夹心糖给我恶心坏了，我该如何制裁他？,2023-02-17 11:04
,2023-02-17 11:06
,2023-02-17 11:40
玩原神,2023-02-17 14:44
二刺猿丨,2023-02-17 16:55
acg,2023-02-17 18:20
趁他上厕所把他关注列表全取关拉黑，然后关注渣然,2023-02-18 01:27
acg,2023-02-18 08:04
winwinwin,2023-02-18 01:17
,2023-02-18 07:12
本人女，作息正常，租郑大南校区床位校园卡，用于学习，最好安静点儿的。价格好商量，有意者私我，可以在老校区门口交易哦,2023-02-17 21:55
顶,2023-02-17 22:03
急鸭,2023-02-17 22:07
来个银儿呗～,2023-02-17 22:08
顶一下,2023-02-17 22:18
顶,2023-02-18 05:32
我顶顶顶,2023-02-18 06:13
新生一定要加社团吗 小白啥也不懂啊 有没有懂哥细🔒,2022-10-05 15:07
仅根据自己的兴趣决定,2022-10-05 17:55
🐭🐭一个也没加,2022-10-05 18:06
不一定呀，不过可以去看看呀,2022-10-06 19:38
右手扎的针，不方便呀！,2012-12-17 20:50
我一个人在校医院输液。。。,2012-12-17 20:51
QQ挂着也没人理我…,2012-12-17 20:52
唉…单机版，我就想问问我右手能扣手机不。。。,2012-12-17 20:54
不能，会滚针的，到时候你就惨了，要重新扎,2012-12-17 20:55
我的帖子哪儿去了？不妙，手开始疼了。。。,2012-12-17 20:56
您现在使用脚么？求解,2012-12-17 20:56
我来看看，不能,2012-12-17 20:56
能用 只要不是太剧烈就行,2012-12-17 23:06
应该不能吧,2023-02-17 15:07
分享贴子,2023-02-18 00:23
开个学渣贴，各种重修问题都可以来问我，有问必答，现在比较忙，肯定都会回复，精通补考重修,2020-05-28 13:34
……,2020-05-28 15:52
你好，可以私聊吗,2020-05-28 17:02
,2020-05-29 09:39
你这里有期末考试题吗,2020-05-29 09:55
大一下学期挂了，大二上学期重修没报上，接下来重修什么时候呢,2020-08-14 09:43
重修班是怎么搞的呀，我报的好像只有是跟班重修，这俩有什么区别吗，跟班重修最后学分还算吗,2020-09-05 00:43
如果重修课程准备考试了  这时候点退费  会扣掉一次重修次数吗,2020-09-06 21:12
跟班重修需要交作业什么的吗 有平时分嘛,2020-09-06 21:22
大四了，绩点太低啦重修学分有次数和学分限制吗？,2020-09-07 12:54
重修没过，可以跟着低年级参加补考吗,2020-09-07 20:28
跟班重修没有平时分，那么是不是试卷考多少，重修成绩就为多少？,2020-09-08 19:49
请问我本来已经过60了，但是不想考不去了，他会改我成绩吗,2020-09-10 08:55
挂科了补考过了还算挂科吗?影响大吗,2020-09-10 12:54
精通补考重修可还行，收藏了先，说不定过几天成绩出来了就得来问了,2020-09-12 10:22
留级是强制的吗,2020-09-14 11:23
要是刷绩点的话，具体怎么操作,2020-09-14 18:39
招兼职 每日更新朋友圈,2020-09-14 23:29
国际学院外方课如果挂了有什么影响吗，例如对保研，等等,2020-09-15 20:30
请问补考是大概什么时候呢？不保研的话挂科影响大吗？,2020-09-15 22:59
【郑州寻猫】【求转发扩散】陪伴12年的猫不见了，希望大家可以帮帮忙猫咪为乳黄色长毛加菲猫，名叫拉菲，喊名字有反应，12岁，毛色乳黄无花纹，患慢性肾病，需要每天补液和吃降磷药，因刚搬至新家由于应激从家里跑走，丢失地点：金水区经三路农科路金城国际广场。而后出现在二七区沿河路北闸口宠物市场。猫咪叫拉菲，喊他一定有反应，12年相伴，猫咪从小与我一同长大，失去他的后果我真的承受不了，请求各位帮忙扩散！如您担心可选择通过第三方联系我，我愿赔偿一切损失附加酬金10000元，也可用一只品相更好的幼猫交换。联系：15639703919（同微信）提供有效线索有重谢，帮忙转发可加我领红包，猫咪图片在我主页上，拜托了！！,2020-09-16 23:24
学位重修刷绩点能重修没挂过的科目吗,2020-09-17 01:56
老哥，挂过的科目补考过了之后重修，分数只能是60分，还是考多少算多少,2020-09-17 08:42
请问不及格学分35要退学吗 这个学分重修补考过了也算在里面的吗,2020-09-17 10:45
挂科二十五学分留级，补考过了也算吗,2020-09-18 20:20
毕业证挂多少学分就没有了,2020-09-18 20:20
请问一下，大一上挂的，补考没过，大二重修的，重修班和跟班重修都能选还是只能选跟班重修,2020-09-18 20:35
还有就是是都要交费吗,2020-09-18 20:35
很多人问的问题都回答了，可以先把帖子看一遍再来问我,2020-09-18 20:59
那超过70分的科目有什么办法刷分吗？重修,2020-09-19 17:08
现在的新学期的补考在什么时候进行？重修的考试是在期末跟本学期的科目一起安排吗？,2020-09-19 22:44
问问，C语言可以这学期重修吗,2020-09-20 12:26
补考过了或者重修过了的科目二次重修，如果挂了算挂了还是按原来的成绩，谢谢楼主,2020-09-21 02:18
请问跟班重修的课是可去可不去嘛,2020-09-21 09:47
你好，如果曾经不及格学分超过了限制是不是拿不到学位证了，如果这样我该怎么办,2020-09-21 11:02
有认识二战的同志么,2020-09-21 12:12
挂科记录一直在吗？重修了也无法消除是吗？,2020-09-21 12:43
会有那个什么挂科学分超过多少，就强制让你留级吗,2020-09-21 18:28
老哥 重修成绩在哪里查啊，教务系统里面只有以前学期的那一科的补考成绩，会覆盖到上面吗？还有重修挂了可以再补考吗？还是只能再一次报名重修？,2020-09-21 19:48
大一下学期挂科超过十五分，补考过了的话会强制留级吗，急，谢谢,2020-09-21 21:28
是不是没有清考这种东西了？大四下重修的话会影响毕业吗？,2020-09-22 01:01
下学期有门科目重修没过，明年再重修，会在8月份才能拿双证吗？已不及格学分39分，绩点2.05,2020-09-22 07:47
有要考研的学渣么,2020-09-22 08:45
咱们学校保研认可重修刷分之后的成绩吗，还是按照最初的成绩排名,2020-09-23 17:42
楼主，现在重修好想有3次限制次数，那如果报名审核通过但是没有缴费算不算一次呢？,2020-09-23 20:02
重修刷绩点保研有用吗,2020-09-24 10:33
这学期啥时候补考，现在都没补考通知,2020-09-24 17:00
重修班和跟班重修是上下学期都有的吗？,2020-09-26 10:54
专升本分数线多少,2020-09-26 23:23
我大一补考旷考，现在大五了，那科报不上，有个老师说是因为你旷考了，是这样吗，我辅导员说这个科都没有显示是因为课程转换的问题，我心里七上八下的，求楼主解惑谢谢🙏🏻！,2020-09-29 20:23
谁有大二这次补考的卷子啊,2020-09-30 07:32
跟班重修跟自己的课有冲突怎么办？能不去上吗？之前问老师，老师说那只能放弃重修……可是我们每年课都好多,2020-09-30 13:04
交论文交图纸那种水课挂了，重修是什么形式,2020-10-04 10:23
留级后已经修过了的课还要再修一次吗,2020-10-09 09:37
曾经不及格学分会影响毕业和学位证吗？都补考过了,2020-10-09 10:14
请问下院任选修课，挂了，会记上打印成绩单吗,2020-10-09 13:06
大三下重修没过，什么时候可以重修啊，毕业证什么时候可以拿,2020-10-09 13:52
跟班重修会有平时分吗?就是作业和上课表现的分数,2020-10-10 10:57
三心起的淘宝号谁有啊？收一个,2020-10-11 23:30
各位同学。 请问下现在周末可以带着家人去校园逛逛吗,2023-02-17 23:27
24/25届预备役考研军，考研小白，求机械电子工程专业的整套资料，用过的也行，有书也行，邮费我出。电子版的真题也可以，有偿有偿,2023-02-16 20:31
我这里有可以给你,2023-02-17 08:37
考研租房的来,2023-02-17 08:52
,2023-02-17 09:57
qq吧，我的是1840883415，也可以私我我加你,2023-02-17 14:11
有了有了，谢谢大家的帮助,2023-02-17 18:54
感谢感谢，明年见,2023-02-17 18:55
,2023-02-17 18:17
,2023-02-17 17:40
医学科硕，下周考试，求经验求题，谢谢各位~,2023-02-17 16:33
不知道你们怎么搞的？我是用这个,2023-02-17 16:24
大学生平常赚点零花钱也可以,2023-02-17 16:25
,2023-02-17 16:30
,2023-02-09 17:02
,2023-02-09 17:08
勿以赢小而不麻,2023-02-09 17:43
秦始皇摸电门——赢麻了,2023-02-09 18:14
,2023-02-09 18:38
,2023-02-09 18:43
什么拉寄学校,2023-02-09 18:44
什么拉🐔学校，拉🐔学生,2023-02-09 18:44
看来我高看这玩意的能力了,2023-02-09 18:45
,2023-02-09 18:57
p的不错，别让浙大看见,2023-02-09 19:00
这AI训练数据样本不好说,2023-02-09 19:02
6,2023-02-09 19:11
别让浙带的看见了。,2023-02-09 19:11
清北郑名不虚传,2023-02-09 19:15
,2023-02-09 19:35
彻底赢麻了,2023-02-09 19:53
你前面是不是教他了,2023-02-09 20:14
win,2023-02-09 20:30
win了,2023-02-09 20:34
p得好,2023-02-09 21:33
win,2023-02-09 23:46
八嘎，快点说，是谁污染的数据库,2023-02-10 10:32
,2023-02-10 17:01
,2023-02-10 19:17
浙带的打过来我第一个把你供出来,2023-02-12 21:27
现在外来人员能进校吗？,2023-02-11 21:59
得有学生带着，自己来没二维码不让进。,2023-02-11 22:03
不是截图的问题，是扫完二维码后要登录学号，才会出现通行证，然后可以带着亲属进校。目前你的问题是没有账号，你可以找学弟学妹借一个或者让他们领着你进去，,2023-02-11 22:17
好的，谢谢。,2023-02-11 22:52
楼主能进校了吗？怎么操作的呢,2023-02-17 16:01
,2023-02-17 08:59
这是填的什么玩意,2023-02-17 09:16
,2023-02-17 10:40
,2023-02-17 11:02
,2023-02-17 11:36
3,2023-02-17 12:05
M佬我要给你生猴子😍,2023-02-17 15:09
,2023-02-17 11:16
狠狠恰大米,2023-02-17 14:48
由新生自发组建，同时也邀请经验丰富的学长，学姐答疑解惑,2023-02-17 11:17
感谢分享 请问群多少,2023-02-17 11:19
,2023-02-17 14:20
什么高级麦片,2023-02-17 14:45
求二手手机,2023-02-16 14:02
要什么牌子的,2023-02-16 15:09
我有怎么联系,2023-02-17 14:06
稍微会修图的联系我 风景和美食图 简单的很 联系我,2023-02-17 13:15
rt,2023-02-15 13:53
没人？,2023-02-15 13:54
打个🦶先,2023-02-15 13:59
,2023-02-15 14:09
玩原神玩的,2023-02-15 14:20
垃圾不要（的话）扔池子上,2023-02-15 14:29
大专生不识字理解一下😋,2023-02-15 15:49
切割,2023-02-15 15:59
yysy，部分郑带人素质真的差,2023-02-15 16:48
,2023-02-15 18:02
黑哥扔的,2023-02-15 18:44
这是我室友写的，再扔垃圾小心我特么的揍你。,2023-02-16 12:39
垃圾不要，扔池子上？,2023-02-16 14:29
每次去公共厕所都能有惊喜。上完随手按冲洗都做不到的哈软让他还能有什么素质,2023-02-17 11:41
招聘兼职写手，要求文字功底水平高的童鞋，偏文科为佳。有意者联系qq:2250238513,2023-02-13 16:37
dd,2023-02-15 10:01
dd,2023-02-17 11:48
评分栽种我当定了,2021-12-17 14:44
,2021-12-17 14:53
信工院，永远的计算机,2021-12-17 14:56
网络空间安全学院（原软件学院）,2021-12-17 14:57
什么撤硕传统,2021-12-17 15:00
我打你🐴，你们这群打分栽种,2021-12-17 15:01
下面没了?,2021-12-17 15:02
,2021-12-17 15:02
,2021-12-17 15:13
,2021-12-17 15:28
1.水利科学与工程学院,2021-12-17 15:28
突突突,2021-12-17 17:18
郑大医学院，伟大的神！救死扶伤！,2021-12-17 18:34
郑大公共卫生院，预防流感，俗称小医学院,2021-12-17 18:37
没我数学院,2021-12-17 18:44
打尼玛，你们这帮打分崽种,2021-12-17 19:23
电气工程学院？,2021-12-17 20:03
我命你速速更,2021-12-17 20:18
其他院呢？,2021-12-17 20:24
没了？去打胶了是吧,2021-12-17 20:44
恳请大家驻足关注一下我身患重病的父亲，昏迷21天，花费50余万，家中已经走投无路了，希望大家帮帮我们这个家，微信扫码打开，一次转发一次证实都是爱。,2021-12-17 20:50
抬头一看，原来不是抗吧啊,2021-12-17 21:52
我地科院呢,2021-12-17 22:43
,2021-12-17 22:47
我商院呢,2021-12-17 23:12
cy,2021-12-18 00:34
导管导晕了？人呢？,2021-12-18 01:05
人呢？,2021-12-18 01:11
郑州大学电气工程学院,2021-12-18 01:46
兼职的内容比较简单，主要就是帮助做一下我们店内商品的推广，产品主要是美妆个护类，也有其它的，都是原装正品，郑州保税区内发货，旁边有海关监管，也可联系到店参观，感兴趣的同学可以留言或者私信,2023-02-17 10:16
交社保薪资面议只限女。,2023-02-17 09:58
工作简单，不耽误你正常上课，老板人好年轻有活力。,2023-02-17 09:59
我有一科vb挂了要重修，本来想提前跟着新大一去学一学，但是发现新大一已经不学vb改c++了，像这种情况学校会怎么安排呢，有没有了解的学长学姐,2023-02-16 11:22
dddd,2023-02-16 11:24
不懂，帮顶,2023-02-16 13:57
跟其他专业的去学，到时候考试过了就行，你问问老师吧,2023-02-16 15:08
,2023-02-17 07:44
,2023-02-15 22:10
人家念都不念你郑,2023-02-15 22:55
,2023-02-15 22:57
为什么不念，你为什么专把郑带跳过不念,2023-02-15 23:00
沙元森是个好人,2023-02-15 23:02
念都不念，输,2023-02-16 00:06
排在东北大学和吉林大学前面，赢,2023-02-16 07:36
强的,2023-02-16 10:13
哦豁,2023-02-16 10:51
输,2023-02-16 23:28
,2023-02-17 00:00
没念，输,2023-02-17 00:13
人家都不带念的，大输!,2023-02-17 00:17
在马督工的节目里都能赢是吧，说郑州的时候挂你zzu的图片不知道几次了捏，每次看到都很自豪😤,2023-02-17 07:29
医学院实验室里卖试剂耗材的商多么。好不好做，最近找工作做销售，本人有点社恐,2023-02-17 00:47
,2023-02-16 20:52
有备无患,2023-02-16 23:46
郑大现在可以随便进吗，不是学生，想进去看看，有没有同学解答一下,2023-02-13 10:37
母鸡啊，前两天开学报道的时候可以进来着,2023-02-13 10:51
目前还是需要扫码进出             是否全部开放还得等政策估计,2023-02-13 13:54
进去干啥？玩的话可以,2023-02-16 23:24
兼职做问卷调查，有没有一起做的同学,2023-02-16 22:54
没想到我郑带还能和北邮并列,2023-02-11 13:12
win,2023-02-11 13:16
,2023-02-11 13:25
win,2023-02-11 13:27
本月第二赢，仅次于把上交北航郑带列一起那一位,2023-02-11 13:37
口嗨罢了，你郑何德何能,2023-02-11 13:41
虽然我知道是假的，但不妨碍我郑又win,2023-02-11 13:47
你什么大砖,2023-02-11 13:48
上大还不如咱呢,2023-02-11 13:54
西亚斯的，鉴定完毕,2023-02-11 14:00
帝都有邮 荷兰有郑,2023-02-11 14:00
大赢特赢,2023-02-11 14:20
难绷,2023-02-11 14:22
666,2023-02-11 14:25
66,2023-02-11 14:30
,2023-02-11 14:42
大赢特赢,2023-02-11 14:44
,2023-02-11 15:05
win😎,2023-02-11 15:06
看透不说,2023-02-11 15:15
赢！,2023-02-11 15:27
,2023-02-11 15:39
骗自己可以，后面忘了,2023-02-11 15:39
win,2023-02-11 15:44
,2023-02-11 15:56
赢了,2023-02-11 17:38
6666,2023-02-11 18:29
赢！,2023-02-11 19:04
虽然不知道什么情况，但是赢就对了,2023-02-13 08:56
win,2023-02-14 19:58
和北邮放一起直接赢麻,2023-02-14 21:45
,2023-02-15 09:55
赢麻！,2023-02-16 22:12
md人都跟死了一样,2023-02-05 14:34
这里人少，微博那里早就有求助贴了,2023-02-05 16:57
去找自己系学长学姐问问，线上课好混，线下课可能要点名，不过想学点东西还是线下好，看你的时间安排和个人兴趣了,2023-02-05 17:32
嫌麻烦就选网课，在寝室挂下视频就行了，不嫌麻烦可以根据自己的兴趣选线下,2023-02-06 10:33
兄弟我想问问两个学期选四门线上可以吗，还是必须要两门线上两门线下的,2023-02-16 08:42
请问各位吧友，在咱们学校附近开个水果店怎么样？有没有需求，开在哪比较合适#水果##郑州大学##郑大##河南工业大学##美食#,2023-02-13 09:30
来菊园开，菊园啥都没有,2023-02-13 10:13
没有蔬菜水果店一类的吗？生鲜超市啥的？,2023-02-13 11:07
走量很难  基本都在校内买   消费能力有限都是按个买,2023-02-13 13:53
需要论文查重，加v：18629678710联系,2023-02-16 19:10
,2023-02-16 17:11
想问一下各位学长学姐，生物专业保研有什么要求，有什么硬性条件，有什么加分项，感谢感谢,2023-02-16 16:52
可以接受贴吧负责人加我检查的，要是负责人觉得不妥后面载删除也可以，我的威信JieYouXGZ,2023-02-15 22:41
想问一下，郑大现在还是不对外开放吗,2023-02-16 16:15
,2023-02-16 15:47
买了个霍格沃茨之遗想耍一耍，结果一打开就闪退，上网上查了说是要更改虚拟内存，然后我就去改，可是死活改不动，一直默认7个g的虚拟内存改不了，也没法删掉，也没法增加，连转移都转移不了，一重启就提示什么未分页啥的，然后就又变成7个g了，我人都麻了，有没有懂的人帮帮我，到底怎么把这nt虚拟内存改了。,2023-02-13 23:20
上面那个小勾我也取消掉了，也把c盘改成未分页了，也在其他盘符设置自定义，一重启***回去了，我都快麻了，求求来个懂哥帮帮我吧。,2023-02-13 23:22
是不是因为我是麻瓜，没有资格学魔法?,2023-02-13 23:24
顶,2023-02-13 23:35
你多少内存 16g？ 听说这游戏得至少32g才流畅,2023-02-13 23:51
图图呢,2023-02-14 08:11
对不起，做不到,2023-02-14 08:38
按网上的改就行，我改了32g虚拟内存没出啥问题,2023-02-14 08:47
别按网上的乱搞，先把你电脑的配置发出来看看，好多不懂电脑的人为了热度乱发攻略，误导一众电脑小白,2023-02-14 11:03
,2023-02-16 14:17
有没有小伙伴缺少室友的呀，女生，不接受混合宿舍！一个人租房子太贵了，个人爱干净，希望找个室友合租。或者有床位的推荐也可以，谢谢啦,2022-06-16 17:20
咋还未婚 已婚有啥啊,2022-06-16 18:44
研究生宿舍床位出租，有需要留个联系方式,2022-06-16 19:54
你想在哪里租，我也在找合租室友，不知道方便不,2022-06-18 13:52
出租郑州大学家属院一楼,2022-06-18 19:41
荷园商业街旺铺出租，13838350679,2022-09-28 12:08
转租郑大、工大旁谦祥·万和城B区单间。月租280元，水费均摊，电费自负，网费免费，四面实体墙，合租户安静不闹，有大窗，12平，还有6个月到期(可提前搬离)，有意者电联:130-6959-0535。,2023-02-08 12:22
郑大东门翰林国际城，考研房，现空余一间主卧带阳台的房间，中间楼层，采光很好。室友是在小区北门对面的自习室学习，都很安静。有无线网，有厨房能做饭。需要的加我微15638193310,2023-02-08 15:53
万和城转租，280一个月，13069590535,2023-02-16 13:50
我微积分1重修，问问题型,2023-02-16 13:33
,2023-02-15 09:58
微信 qq同号:18639663552,2023-02-16 12:51
,2023-02-16 12:25
最快两天就能出票，比自己购买要便宜,2023-02-16 11:26
,2023-02-15 16:20
3,2023-02-15 18:52
,2023-02-16 10:57
有考研保研问题欢迎咨询,2023-02-16 10:26
以后想搞大数据分析，想知道研究生应用数学哪个二级学科是研究这方面的,2023-01-15 02:21
有个河南大数据研究院,2023-01-15 08:08
河南大数据研究院,2023-01-15 08:10
打扰了，出租次卧，自己房子，无中介费，郑州大学家属院，视野好，采光好，地铁口，盛和苑西门过马路就到郑州大学！拎包入住！24小时热水，空调家具家电齐全…wifi免费！15903627898  ，谢谢,2023-02-16 09:21
,2022-07-10 15:11
可以,2022-07-17 23:55
申请外宿,2022-08-16 15:20
疫情期间不可以了,2022-08-22 22:47
有没有出租校内宿舍床位的,2023-02-15 11:02
打扰了，出租次卧，自己房子，无中介费，郑州大学家属院，视野好，采光好，地铁口，盛和苑西门过马路就到郑州大学！拎包入住！24小时热水，空调家具家电齐全…wifi免费！15903627898  ，谢谢,2023-02-16 09:19
,2023-02-16 08:25
还差40经验到10级。怎么才能快速升级,2023-02-15 18:07
,2023-02-15 18:07
+3,2023-02-15 18:08
想水直说,2023-02-15 18:45
等我毕业我估计14级了,2023-02-15 19:17
,2023-02-15 19:30
,2023-02-16 08:32
8u们，23考研的鼠鼠想问下电气与信息工程学院的通信工程专硕复试都考哪几本书,2023-02-15 13:40
官网不就一本dsp吗，这是笔试的，剩下面试问的根本没局限，你只能好好复习一下本专业的主干课程。,2023-02-15 18:20
本人眼镜盒遗失，里面有一张绿色的擦镜布和一副黑框眼镜，擦镜布是直通车的，盒子记得没错的话应该是棕色带小熊样子的，以下是可能的地点，如有发现的有现金感谢,2023-02-15 19:58
本人已离校有偿请待办,2023-02-15 10:52
可以私我留联系方式,2023-02-15 21:46
考研求助，961材料化工专硕复试，是三本书都考吗,2023-02-15 19:58
召～兼～职---没有任何套路/～空闲时间来做就可以～赚点✘生活费！不求人，靠自己,2023-02-15 18:52
联系15132277565,2023-02-15 18:40
郑大新校区这边网球场对外开放吗？怎么进去？,2023-02-04 19:03
对学生都不公开,2023-02-05 08:37
郑大怎么进去,2023-02-05 10:45
有，围栏钻进去,2023-02-15 17:36
,2023-02-15 16:27
或者学校周边有没有,2023-02-15 16:24
,2023-02-15 15:39
请问：郑大图书馆对外开放吗？我住师新庄，想借点书，请问我怎样可以借到？麻烦大家支支招，感谢！,2023-01-02 12:13
不对外,2023-01-02 14:51
找个本校的人帮你借,2023-01-08 19:25
私信，我带你进去，不忽悠，我只想找个朋友，缓解备考之苦,2023-02-03 21:40
俺想问你你们那里有充电桩吗？俺们这里不好充电想去那充，借书只能找本校的帮忙借,2023-02-14 23:10
,2023-02-14 07:50
赢了,2023-02-14 08:09
,2023-02-14 08:09
,2023-02-14 08:48
,2023-02-14 09:10
这个我怎么进不去,2023-02-14 09:14
,2023-02-12 18:06
这里找学长学姐一个是不容易，还有一个不知道真假万一被骗了不划算，之前我身边就有人买资料被骗了几百，而且含金量不高，虽然钱不多，但是影响复习心情，如果家里条件还可以，家人也支持报班，可以考虑报个一对一辅导，有人监督靠谱一点，这样不仅可以知道重难点，还可以获取到资料，平时还可以答疑解惑，比自己摸索好很多，节约复习时间，更多的精力可以用在复习薄弱科目上面，我当时报的就是一对一，安排的是直系高分学姐一对一指导的，上课前看证件，真题资料都是学姐给我邮寄过来的，性价比挺高的，因为跨城市考，距离目标学校有点远，就上了直播一对一，还可以回放，上课也有重难点，平时也有班主任督学，对于公共课当时除了分享视频给我，还送了公共课资料和刷题题库，像政治主流老师的押题都有，英语也有真题和长难句分析，用起来很好，我当时报的是浩学考研，你也可以百度去他们官网了解。,2023-02-15 10:23
本🐭大一新生，选了一个营销策划，有不有热心8u告诉我这门课好不好过呀。,2023-02-08 22:42
不要🥚🐔铁扒,2023-02-08 22:42
没选过，但是帮顶,2023-02-08 23:24
,2023-02-15 14:54
给🐭🐭来个吧🥰🥰🥰,2022-07-14 20:33
偷的，偷的,2022-07-14 21:27
郑兵令,2022-07-14 22:39
,2022-07-15 09:41
,2022-07-15 11:15
喜欢我言指导🎓吗？,2022-07-15 11:43
,2022-07-15 12:29
散兵游勇罢了,2022-07-15 12:33
并不是不想要，只是拿不出手,2022-07-15 18:54
原耽，你为什么这么好看！！原耽，你为什么这么好看！！原耽，你为什么这么好看！！原神，你为什么这么好玩！！原神，你为什么这么好玩！！原神，你为什么这么好玩！！原神，你为什么这么好玩！！原耽，你为什么这么好看！！原耽，你为什么这么好看！！原耽，你为什么这么好看！！原神，你为什么这么好玩！！原神，你为什么这么好玩！！原神，你为什么这么好玩！！去吗？去啊！这自由美利坚！啊啊啊啊啊！美国！肖战侮辱丁真老藏民，还说他爸卖电子烟的，给丁真骂哭了，于是他们俩打赌，转发这条文字给十个吧，肖战就给丁真道歉正确的，会谢的，栓Q的，yyds的，暴风吸入的，绝绝子的，属于是的，剁jiojio的，乌鱼子的，集美的，咱就是说的，退退退的别急的，抛开事实不谈的，9敏的QQ真的是太奇妙了，我忘了了我的身份证户口啥的，随便找了几个网络群就骂，然后满屏都飘着我的身份证户口信息。太谢谢QQ了，真的是太方便了就算再多人嘲笑，我也喜欢原神，啊啊啊啊啊啊玩我的原神！原神主宰世界万物！啊啊啊啊啊啊啊啊啊我的原神我的原神啊啊啊我的原神！！原神！！原神！！！！就算再多人嘲笑，我也喜欢原神，啊啊啊啊啊啊玩我的原神！原神主宰世界万物！啊啊啊啊啊啊啊啊啊我的原神我的原神啊啊啊我的原神！！原神！！原神！！！！就算再多人嘲笑，我也喜欢原神，啊啊啊啊啊啊玩我的原神！原神主宰世界万物！啊啊啊啊啊啊啊啊啊我的原神我的原神啊啊啊我的原神！！原神！！原神！！！！,2022-07-15 20:13
我这才是原创第一郑兵证，再偷必纠！,2022-07-27 15:15
这怎么办，没有开vpn呀,2023-02-15 13:51
,2023-02-12 16:49
急死了,2023-02-12 16:50
dd,2023-02-14 12:22
dd,2023-02-15 12:06
,2023-02-13 20:41
,2023-02-13 20:52
,2023-02-13 21:53
,2023-02-13 23:33
1,2023-02-14 01:06
应该会的,2023-02-14 08:10
,2023-02-14 09:17
,2023-02-14 09:25
,2023-02-15 11:53
签了富士康菁干班的同学来聊一聊吧,2015-11-14 12:14
楼主是通过校园招聘进的富士康吗？,2015-11-14 16:17
后悔了没有？楼主？,2015-11-14 16:21
聊什么？,2015-11-14 22:44
同学，还在富士康吗？,2023-02-15 11:01
有没有姐妹一起打九价的！,2023-02-15 10:56
大佬们，有木有知道中兵通信科技股份有限公司的啊，研究生待遇怎么样啊，求解答,2020-01-01 16:24
求助大佬,2020-01-01 16:25
同求，而且想问这个是不是国企？,2020-02-27 16:01
楼主签了吗,2020-05-13 20:25
你们看的是新乡总部，还是北分，武分的？,2020-06-17 19:23
中兵红箭分公司吧。卖卡车和军火的,2020-08-19 13:15
因为疫情原因，得三方协议去就业指导中心盖章签字，有偿，私信我,2022-09-21 18:02
dddd,2022-09-21 18:16
哥们看下私信,2023-02-15 10:50
各位大佬，带带,2023-02-13 23:35
呱,2023-02-14 10:12
呱,2023-02-15 10:25
我同学说可能我得重修了😭😭😭,2023-02-14 13:10
一直没关注过，今天突然发现别人都是九十多分,2023-02-14 13:13
如果平时分按0.4算，期末考93分才能过70,2023-02-14 13:15
如果没考到93是不是真的要挂，甚至重修了？,2023-02-14 13:17
🆙,2023-02-14 14:25
嗯嗯，平时分70倒数最后期末60多飘过,2023-02-14 14:49
不是60分及格吗,2023-02-14 18:53
学习通占比不高,2023-02-14 19:17
确实会,2023-02-14 21:11
老师会捞你的,2023-02-15 08:51
学校真的太无聊了,2021-11-26 20:27
马哥没人回帖啊,2021-11-28 01:29
我也想出去,2021-11-28 10:17
翻墙随便出,2022-10-19 16:55
幻想辣?,2022-10-19 18:46
,2023-02-14 19:49
现在扫码随便出校,2023-02-14 19:50
随便出,2023-02-15 09:33
今天上课老师说他是管我们院毕业证的 说我们院每届都有差不多十个人没有毕业证 按照绩点综合排名的话我就是最后的那十个 现在慌得一批 我该怎么办啊😭,2023-02-14 08:24
顶,2023-02-14 08:32
我记得2.2以下，没有学位证吧,2023-02-14 08:54
你就是我？,2023-02-14 11:11
哈人,2023-02-14 13:07
22届学长现身说法，是老师吓唬你的，我们学校不是末尾淘汰制，最后毕业证书和学位证拿到的条件是绩点2.0以上，且毕业挂科记录全清，我计算机院最后绩点2.1，专业倒数十名里面照样毕业,2023-02-14 13:47
毕业证基本上正常毕业都有，学位证这个就需要你最后毕业绩点到2.0了，还有就是平时的学校校选修院选修一定要早修够，我有的同学因为校选修院选修没满最后一学期又修了一门，但是毕业证学位证第一批发的时间是六月份，这个时候你的校选修院选修成绩是没出来的，因此不满足毕业条件，得等到八月份出成绩才能拿毕业证,2023-02-14 13:50
你这绩点这么低，别刷贴吧了，赶紧好好学吧,2023-02-14 20:31
13年老学渣特来求助，学位证和档案里的学位证明都有，但是学信网查不到学位认证报告，只有学历认证，打电话给学校档案馆，说是因为教务处没有上传学位信息，让给教务处打电话，但是从去年开始打教务处电话，一直都是正在通话中，但是上午过了11点半，下午过了5点打都是滴滴滴无人接听，非常准时。有没有同学和我一样学信网查不到学位的情况，或者可以联系到教务处的方式？,2023-02-14 21:43
淡季贴吧？打个🦶先,2023-02-14 23:12
,2023-02-14 22:13
,2023-02-14 08:10
社会闲杂人等禁止入内,2023-02-14 09:51
能登进打卡系统就随便进,2023-02-14 10:51
想进随便进，，， 不放心的话可以找你同学要个截图，， 根据我的观察进出校装模作样手机扫一下， 保安压根不看屏幕,2023-02-14 18:58
求解答~之前本科的时候不幸挂科了，但是都补考通过，没有进行学位重修。。成绩单我看都是60分，但是不知道档案里是否有挂科或者补考记录。。。,2017-10-17 16:03
挂科记录就是专门针对你这种情况的，不挂科，或者学位重修过的都没有挂科记录,2017-10-17 16:06
最后的成绩单都显示挂科情况的,2017-10-18 07:52
,2017-10-18 09:18
会显示一个补考的[B],2017-10-18 09:41
只有一次性考过才不会有挂科记录，，其余的都有。挂了就是挂了。除非潜规则。,2018-07-17 23:33
档案会记录挂科？？？头一次听说，是不是点名没到也会存在档案里？？？？,2018-12-08 16:24
每学期都有一次补考机会的，过了就不会写在档案里。若是没过就是毕业前补考，是会写进档案里的,2019-09-08 23:50
重修在档案里，挂的那门会把挂科的成绩，重修的成绩都登记上,2019-09-09 10:01
保研评奖会有影响 能查到 出了校门啥也查不到 没影响,2019-09-09 12:56
22年6月延毕后离校的，我的一门去年12月的重修过了，计划已经通过了，请问毕业证还需要等到8月吗？这个学期能申请毕业证吗？,2023-02-14 17:33
有无上岸地理学的师兄师姐，想请教下,2023-02-14 16:59
学校还能进车吗,2023-02-14 16:49
有合适的房源么，求推荐,2023-02-12 10:58
我不打算住了，单间，中苑名都,2023-02-14 16:44
需要的联系150831177897 我就是房东。,2023-02-14 16:44
北校区附近有什么好吃的比较多的地方吗？急急急,2023-02-14 16:37
想去郑州大西校区里边转转。让进不让？,2023-02-14 16:30
想去学校操场跑步,2023-01-09 11:11
同问,2023-01-09 12:02
恐怕不行，你专的管理一向滞后,2023-01-11 11:25
私信，我带你进去，不忽悠，我只想找个朋友，缓解备考之苦,2023-02-03 21:35
咱们学校有跑腿代办的团体或个人吗（查收查引业务）？推荐一下，谢谢！,2023-02-14 16:07
帮老师跑腿，明天找一个来主校区行政楼报账的人，最好号排在前面的，让咱蹭个方便。主要是网上约不到，北校区的也不想跑了，白跑好几天了。,2023-02-14 15:28
15年本打算去西藏 尼泊尔地震就只到了大理 现在30岁还一直想去西藏 这算是病吗,2022-12-28 21:11
我也一直想去看看,2022-12-28 21:28
我就不想去，到哪都是吃喝玩乐没啥意思,2023-02-14 13:52
挺好玩的，确实很美,2023-02-14 15:22
本校学生（女），下半年在北校区做实验，有没有闲置宿舍床位借住下，谢谢,2023-02-14 13:40
,2023-02-14 13:43
,2023-02-14 14:01
2022年考研生法律专硕（非法学）想知道专科郑大歧视吗？,2021-10-25 03:27
#考研自习室15318813551##郑州济南沈阳西安石家庄青岛设有校区##研友多多氛围好##可线下寄宿复习也有新增线上全程督导辅导#,2021-10-25 06:08
,2022-08-26 09:41
今年高三，走体育类专业，往届理科要达到多少分呀,2021-03-15 11:23
有需要的同学可以V我18395628055，价格优惠,2023-02-14 10:46
,2023-02-14 10:08
问了很多人，都不知道在哪,2023-02-13 20:45
会不会是生科院,2023-02-13 20:51
,2023-02-13 16:20
,2023-02-13 16:47
直接扔，别惯着,2023-02-13 16:49
,2023-02-13 16:52
25都开始了，真卷啊,2023-02-13 17:24
,2023-02-13 17:29
,2023-02-13 17:51
🥹🥹🥹,2023-02-13 17:59
哈人,2023-02-13 19:27
错误的，是已延顶真，鉴定为25考研捏,2023-02-13 20:35
🐮,2023-02-14 09:17
南校区的老师想过去打打乒乓球，是否需要办卡或者预约？各位同学平时打乒乓球都在哪里打？,2023-02-12 13:49
🔝,2023-02-12 13:54
主校区宿舍门口就有很多乒乓球台,2023-02-12 14:13
老师好,2023-02-12 14:13
去市区里面的俱乐部吧,2023-02-12 15:05
主校区打乒乓球的地方大概有3类。1.北体育馆，疫情之前是周六开放我记得，后来好像不对外开放了？我也不清楚2.有些院自己的楼里买的有乒乓球桌，可以在院里打3.住宿区室外的乒乓球台，这个需要经常捡球，台子也不太舒服，不过比较方便。,2023-02-12 16:00
帮表姐买一台笔记本电脑，预算两千以内，谁有二手笔记本想出的吗,2023-02-14 02:38
大二狗 感觉一辈子谈不了恋爱了,2023-02-11 03:51
打个🦶,2023-02-11 06:11
不谈就不谈呗 没啥大不了的,2023-02-11 08:20
细🔒,2023-02-11 09:03
没事的，没有了也很可爱,2023-02-11 09:57
来和我谈,2023-02-11 10:04
,2023-02-11 10:04
过来人：抓住机会，你可以的,2023-02-11 10:19
大四你就明白了，还真是,2023-02-11 17:58
打个郊县,2023-02-13 23:46
开学了又要为生活费发愁了,2023-02-13 23:40
私我+v,2023-02-13 23:41
我早上自行车放外语学院附近，下课我去看就没了。,2023-02-13 12:18
我同班同学的自行车昨天让偷了,2023-02-13 12:55
林子大了什么鸟都有,2023-02-13 14:04
没封之前一直都有人偷东西。只是这几年一直在封校，校外人员进不来，被偷的少了。之前还有人电脑（记不清是电脑还是平板了）在水环被偷了。,2023-02-13 19:27
有啊，我大一在南操上体育课，然后去柳园吃饭，但是车忘记🔒了，一回来就被塞拉斯了,2023-02-13 19:29
两年前就被偷了,2023-02-13 19:32
我也被偷了,2023-02-13 23:34
有的话看看你的,2022-10-16 00:02
没人？淡季贴吧？,2022-10-16 00:05
打个🦶先,2022-10-16 00:05
孩子锁寝室太无聊了，有没有人来聊聊天,2022-10-16 00:07
🐭🐭先睡了，明天还要给同学搬隔离餐呢,2022-10-16 00:10
,2022-10-16 11:00
看看你的,2022-10-16 17:02
不是不让养吗,2022-10-16 22:55
有，宿舍其他人养了🐭🐭我,2022-10-16 23:48
🐭🐭养的猫捏,2022-10-19 23:45
不用交电费,2022-10-25 14:32
寝室准备等解封了就养一只仓鼠捏,2022-10-25 16:22
,2022-10-26 07:45
养了个室友,2022-10-26 11:13
我是mkm养的狗,2022-10-26 17:35
养了只🐭🐭捏,2022-10-26 23:43
养了几个舍友,2022-10-27 09:03
,2023-02-13 22:38
,2023-02-11 00:04
,2023-02-11 09:07
怎么没人水,2023-02-11 09:44
别怕 培养的就是高素质废物,2023-02-11 10:22
这个郑州大学吧真的是太恶心人了，我在这里面就混了几天，整个人的思维差点就被完全带偏离了，把恶的一面险些展露了出来。我奉劝各位，网络是网络，现实是现实，如果分不清网络与现实，把网络带到现实里面的话，还是赶紧退吧！还好我醒悟的早，不然我的人生都得被郑州大学吧毁掉了....,2023-02-12 09:13
挣钱嘛 会有些要求的,2023-02-12 10:01
宝龙电子厂是吧，我这里有历年真题，独家押题密卷,2023-02-12 11:55
这个郑州大学吧真的是太恶心人了，我在这里面就混了几天，整个人的思维差点就被完全带偏离了，把恶的一面险些展露了出来。我奉劝各位，网络是网络，现实是现实，如果分不清网络与现实，把网络带到现实里面的话，还是赶紧退吧！还好我醒悟的早，不然我的人生都得被郑州大学吧毁掉了....,2023-02-12 12:15
问答题，原则上来讲，作为公司一员，我会配合公司要求，根据公司制度进行工作安排,2023-02-12 21:57
这不是传说中河南理综？,2023-02-13 12:52
,2023-02-13 22:25
求购工程管理专业  建设工程项目管理的书籍和习题，有简答和大题的最好。有偿,2023-02-13 21:12
想去大学找个工作  朋友们有推荐的吗,2023-02-13 21:19
咱们学校哪里可以订花么，或者有同学卖么,2023-02-13 20:28
周四晚上出发，周日晚上回来。（本人男）,2023-02-13 19:41
友友们！有没有机械方向就业群可以推荐吗,2023-02-13 19:16
郑州大学南校区研究生几人寝,2023-02-13 18:54
校外人士现在可以进出学校吗？,2023-02-13 18:36
求求了,2023-02-13 14:57
哥们被宽带搞怕了，和校园卡绑定还一学期600，真黑啊！,2023-02-13 17:28
不懂就问，郑带为啥还不能选课，今年选课系统为什么还不开,2023-02-02 12:21
定,2023-02-02 12:22
就上过一周线下课的大一表示很迷茫，这选课是有啥要注意的,2023-02-02 19:51
2.6院选，2.8校院，教务系统上有了,2023-02-02 20:57
一学期选了8门院选修，好多也就去了一节课,2023-02-03 13:10
几号开学来着？,2023-02-03 13:57
什么选课,2023-02-03 17:09
大一新生不懂，有无好心前辈介绍一下,2023-02-03 17:12
,2023-02-05 17:38
院选修有补选不?,2023-02-13 16:08
求求求，救救孩子,2022-12-25 16:48
没有的，老师从不外流,2022-12-25 20:25
你是哪个院的呀,2023-02-13 16:04
,2023-02-07 17:24
,2023-02-07 17:30
3,2023-02-07 18:15
学长是我们学校标本社团的吗？,2023-02-07 21:12
,2023-01-25 12:14
帮顶,2023-01-25 12:52
,2023-01-25 18:12
不清楚,2023-01-26 14:59
河工大站C口向南100米有个洞钻就完事了,2023-01-29 23:35
八年吧龄 从幼儿园就开始玩贴吧？,2023-02-08 00:11
这个东西22级新生也要选吗，我进去之后感觉选不上啊，假如选上了是要去别的学校上课吗？,2023-02-13 11:30
不是，这都是MOOC应该,2023-02-13 11:34
说的很清楚啊  去别的学校线下上课   大一有空可以试试,2023-02-13 12:09
你是不是在选课界面转圈圈？,2023-02-13 12:55
别选，外校生被恶心,2023-02-13 13:51
有没有一起报名文运法硕辅导班的研友呀？！,2021-05-31 16:43
难道是研友？,2023-02-13 13:32
丢车的宝宝请积极在下方留言。大家好，我现在大二，大一的时候买了一辆自行车代步，大一暑假放假的时候将车停在了图书馆东面专门停车的地方，回学校了之后发现车子不见了，奇怪的是，原来放车的地方周围其他的车好像也消失了一部分。我在周围找了六七遍，还是没找到。问了值班的保卫哥哥，说保卫处的在这个地方挪车挪了两次，不知道放到哪里了。接着，我就满学校的找，凡是放自行车的地方，我都找遍了，没有任何结果。给保卫处打电话，保卫处满口不知道搪塞。问了学校里面的居住的老师傅和工人，他们说车是保卫处的挪的，往年一般都会放在南操或其他地方，但今年好像都被变卖了，这让我吓了一跳，学校保卫处为什么这么干？是缺钱吗？我的车停在规定的地方，没挡道，没废弃，完好无损，咋地了，还侵犯我个人财产还假装不知道？我也想过可能是被偷了，但是，那么些人都看见了，这就说明问题了。保卫处自行挪车可不是一两回了，视别人的财产为垃圾？随处丢弃？南操那么多废弃自行车你咋不处理？保卫处那么多人没人想办法？郑大领导那么多一点法子也没有？私自清除自行车都已经遭到反对了，你们咋还不知道自己的问题呢？,2018-09-03 23:00
附议,2018-09-04 11:50
我的也丢了，三年啊,2018-09-08 20:19
录取通知书已经收到了,2022-07-25 15:50
新生群有知道在哪的吗,2022-07-25 16:34
恭喜,2022-07-25 19:50
是您还是您儿子……?！真了不得！恭喜啊！,2022-07-28 00:13
恭喜,2022-07-28 09:21
那么快，多少收到,2023-02-13 13:11
几号订单。几号收到的,2023-02-13 13:30
现在郑大能进去吗？毕业见面的老学长,2023-01-16 20:34
中国人只粉中国，无理由无原则 支持对中国有利的事情。比如说打杀日本吧，虽然说不人道吧，但只要是个正宗的中国人都支持，就连一百多年前的 李鸿章都大力提倡要灭了日本~~~如果打到日本岛一定很多人抢着参军。比如暗戳戳的限韩令吧，虽然违反WTO，但WTO只是个工具，跟国策相比算条毛啊，绝大部分中国人都支持打压棒子啊！,2023-01-16 21:56
外人无法进入  需要走申请  通过郑州大学移动校园APP,2023-01-17 15:57
可以开车带个在校生进去,2023-02-13 12:54
有已经返校的UU吗，打听一下需要什么步骤和证明，有偿。,2023-02-04 16:56
dd,2023-02-04 17:02
能进就可以了,2023-02-05 08:30
之前是系统申请返校要填14天体温检测还有核酸检测，现在应该不用了,2023-02-05 09:00
要有手机，要长腿,2023-02-13 11:31
rt，想问问正常嘛？,2023-02-13 08:30
嗯,2023-02-13 08:45
我也没出，急死了,2023-02-13 10:37
现在出了,2023-02-13 10:39
我的mooc智慧树都没出,2023-02-13 11:01
b站不知道怎么回事，最近冒出来一大堆不知真假的“老中医”，还有很多这种狂吹中医的。在他们眼里中医已经是玄学甚至神学了。b站干脆叫中医站算了。真的害怕得病的人被打着中医旗号的骗子哄骗了，耽误治疗时间。,2023-02-12 23:06
这种人才是对中医的伤害,2023-02-13 11:00
自己买的是生活，你买的才是浪漫，有需要的同学可以联系哈，价格肯定优惠。。。#情人节礼物分享互助##情人节#,2023-02-13 10:48
最好175+,2023-02-12 21:49
医学院单身汉不多的是,2023-02-12 22:16
,2023-02-13 04:39
建议来商院找,2023-02-13 07:53
本人已经毕业 想情人节偷偷进去看看我男朋友给他个惊喜 没有码不知道能不能进去,2023-02-13 04:30
这几天咳嗽打卡的时候填的有症状未感染，想着等几天咳嗽好了再去学校，谁知道院里到现在也不吭一声怎么延期返校，明天大部队就返校了我要是直接去还不知道能不能扫出来进校,2023-02-10 13:48
急急国王就是me,2023-02-10 13:49
院里的意思是，放心来,2023-02-11 07:55
疫情早放开了，这学校还不敢跟gj对着干，你直接来,2023-02-11 08:19
没开放的时候学校里隐藏的小洋人都不知道多少个了，现在开放了你怕个der,2023-02-11 12:47
郑州等通知大学,2023-02-13 02:12
为什么会有人打着卖书的旗号骗钱？有认识它的人吗？不认识的uu避雷,2023-02-13 01:57
真的很无语,2023-02-13 01:59
今天不设立个纪念日有点说不过去。,2023-02-11 19:02
吧里安静的像tsj,2023-02-13 00:13
去年12月的因为疫情取消了，今年三月有吗？,2023-02-13 00:11
🐭🐭的那两门一直没在教务系统里显示，本来我们学院校选课我还差3分，如果算上上学期那两门那就修满了，不用再修了，但是我的一直没出，新学期又开始选校选课了，不知道现在还要不要接着选，我那两门一个六十多一个七十多，不会因为分数太低两门挂了才一直不出现在教务系统里面吧,2023-02-12 20:35
没出,2023-02-12 21:20
我的也没出，但是智慧树上显示是70分,2023-02-12 23:07
有没有参加今年定向选调的,2023-02-12 20:46
研究生才可以,2023-02-12 22:17
这不是郑州大学 m吧吗，郑州有那么多大学，像河南理工，河南工业，难道不更值得讨论吗，怎么大家只对郑州大学感兴趣啊,2023-02-06 21:03
🤠,2023-02-06 23:42
,2023-02-07 12:02
,2023-02-07 12:48
,2023-02-07 12:52
出院！,2023-02-07 15:42
,2023-02-07 17:11
这里不是弱智吧,2023-02-07 18:35
,2023-02-07 18:39
,2023-02-07 20:54
你说的很对，我待会去中国人民大学贴吧问问，到底是个什么情况,2023-02-07 20:58
你说的对，但是河南理工在焦作,2023-02-07 21:35
加大剂量！,2023-02-08 00:03
,2023-02-08 00:27
,2023-02-08 08:27
正确的,2023-02-10 17:11
这个吧是讨论专科的，人家是本科,2023-02-12 22:08
耽误大家几分钟时间，请问有同学认识大一的于佳琪吗，这里只知道年级和姓名，不知道是哪个专业，如果有认识的同学请联系一下，vx:Love-Li-0806,2023-02-12 20:41
拜托各位了，事情十万火急,2023-02-12 20:41
感谢各位同学了,2023-02-12 20:42
请问下同学们。 现在以前毕业的可以进学校了嘛,2023-02-12 18:57
,2023-02-12 15:29
不是回学校吗，你赶着干嘛去,2023-02-12 16:40
去上学又不是抢亲,2023-02-12 16:51
有啥好急的,2023-02-12 18:11
我想问一下 ，郑大保险专硕这个专业课看什么书比较好？谢谢,2020-04-14 20:51
要不要考虑一下出国留学呢！,2020-04-15 09:57
楼主，郑大东门的备考自习室需要吗,2020-04-16 09:52
天任寄宿考研，老师管理严格，学习氛围好的自习室。,2020-04-20 14:27
本人已躺平，有这些资料谁要，微insist100861,2023-02-12 17:42
环保馆在哪，是不是那个水利与环境实验中心,2023-02-12 17:11
生态与环境学院,2023-02-12 17:43
就是过去俗称的水环，我现在就在,2023-02-12 17:43
,2023-02-12 16:21
今天看到一个毕业证，为啥是这个样子的？学校毕业证改版了么？？？？上面不应该有郑州大学4个字么？,2020-02-16 01:22
这个是假的么？？？？,2020-02-16 01:27
是,2020-02-16 09:09
和我的不太一样,2020-02-16 23:59
你好，我想问一下，郑大毕业证封面哪一个是正确版本呢,2021-09-15 20:03
你好，咱弄清楚了吗，哪个证书是正确的版本呢。,2021-09-15 20:17
我们2021级毕业的全日制本科生毕业证是这样的没错。,2021-09-16 08:40
一号线还能到郑大吗,2023-02-11 17:47
现在人在地铁上，慌的很,2023-02-11 17:48
恳求已经到校的同学指点迷津,2023-02-11 17:50
救一下啊,2023-02-11 17:52
等下一辆,2023-02-11 17:59
cy,2023-02-11 18:04
广播里说等下一辆，lz已经坐上回校的地铁了,2023-02-11 18:07
我也在一号线,2023-02-11 18:18
老哥，意思是到最后一站后下车，等下一班1号线吗,2023-02-11 18:24
我也一号线,2023-02-11 19:04
L1区间车，早晚高峰时候开的，只到西流湖,2023-02-11 19:21
怎么样了啊我马上要做地铁了,2023-02-12 08:09
是这样的，到西流湖的要倒车,2023-02-12 15:04
大一学生比较好，高考数学越高越好，价格vx细谈，每周周六或者周日时候三个小时左右，vx：lm791008，我们在金水区，需要试讲一次,2023-02-12 12:24
1,2023-02-12 12:24
顶顶捏,2023-02-12 12:26
帮顶,2023-02-12 15:17
,2023-02-12 12:36
想去学校里看看 有没有新开的超市,2023-02-12 12:37
,2023-02-12 12:44
不行，要扫码,2023-02-12 12:59
扫码,2023-02-12 15:06
,2023-02-12 12:57
VX: xingfu_wanghaobo,2023-02-12 12:57
好久没发帖了，不知道大火想我没，还记得我嘛🥰🥰🥰,2023-02-08 15:32
,2023-02-08 16:12
🥵🥵🥵,2023-02-08 16:14
想死你啦,2023-02-08 16:15
我新来的,2023-02-08 16:18
你是？,2023-02-08 16:21
你是？,2023-02-08 16:27
我去，lz是我⭐️怒,2023-02-08 16:38
你是,2023-02-08 16:49
你是,2023-02-08 17:00
我去，楼主是我同学,2023-02-08 22:37
,2023-02-08 23:20
你是,2023-02-09 07:37
盛大登场不得亮个相,2023-02-09 09:14
,2023-02-11 21:30
你是？,2023-02-12 12:34
有什么水的线上课吗 内容轻松分还高的那种,2023-02-08 10:46
顺便问一下中外歌剧鉴赏（线下的）怎么样,2023-02-08 10:47
校选修只要及格就行哦 不算综测绩点的 线上推荐基因与健康、犯罪现象,2023-02-08 22:42
犯罪,2023-02-08 23:28
校选修去掉线下考试的都蛮简单的吧，到时候找个刷课,2023-02-09 12:53
你是大一的?,2023-02-09 13:01
哪个人满选不了 哪个轻松分又多,2023-02-12 11:49
#租房#,2023-02-12 11:18
我的qq号346524859,2023-02-12 09:38
有加好友 群的吗,2023-02-12 09:44
有电气学院的学长吗，想咨询一下专业课难不难呀,2023-02-11 16:20
跟老师关系好就不难,2023-02-11 16:26
想工大毕业了 现在想进郑大看看 现在进学校的话是不是需要各种拿学生证件呀,2023-02-11 18:17
在工大毕业的 今天想进郑大去瞅瞅 是不是没学生证很难进去啊,2023-02-11 18:18
DD,2023-02-11 18:24
今天，我看家长有的都进来了,2023-02-11 19:46
你明天可以趁机混进去,2023-02-12 02:08
大家好呀～本人男，182，75kg，健身，本科211，硕士顶尖985，未来准备留在北京发展。家是河南的，性格温和活泼，真心想找一个可爱的女孩子接触一下，希望对方性格温良，可爱一点，我愿带着你走遍山川湖海，阅尽世间繁华，一起做成长型恋人吧！真诚想认识一个人，附上QQ 3522365146,2023-02-06 10:14
这条件 你很丑吗,2023-02-12 00:59
249元出一对共30KG的哑铃，仅去年封校时用了俩月，95新，只有胶套上有一些灰，可通过湿毛巾擦掉。另加1元送一张巨厚的海绵瑜伽垫。坐标菊园。,2023-02-11 22:05
看一看啊，看一看啊，95新,2023-02-11 22:08
1伯拿下,2023-02-12 00:57
想要旅行的uu们来组队啦，苦恼不知道去哪，或者没有旅伴的友友们进群啦#(打call)#(打call)不定期发布短途旅行信息,2023-02-11 17:56
二维码过期了 重新发了,2023-02-11 23:27
21级小学期后15天军训，那么前15天如果没事能先回去吗？,2023-02-11 17:40
蹲,2023-02-11 21:39
目的地:荷兰,2023-02-11 14:15
然而我还在车上，浑身酸痛，令人感叹。,2023-02-11 14:20
然而我要在地铁上站两个小时，令人感慨,2023-02-11 14:53
顺利,2023-02-11 17:43
鲨鱼和瞳子吗？,2023-02-11 17:59
然而我还在家中，令人感叹,2023-02-11 18:59
好,2023-02-11 19:01
,2023-02-11 21:34
双一流大学是不是这个大学里所有专业都算双一流专业？比如新疆大学，郑州大学里的哪怕在边缘的专业也是双一流专业？有懂得吗？,2023-02-11 12:26
并不是,2023-02-11 13:08
双一流大学其他专业不是一流学科，但是享受一流学科的待遇，比如选调，保研等等,2023-02-11 13:12
第二轮双一流只有清北是一流大学，其他都是学科,2023-02-11 14:01
我就是你嘴里那个臭大学的学生，我叫郑大人!!在郑州，郑大看上的东西，迟早都得是郑大的。天上掉下个钢镚，也得姓郑大!!给他面子，叫一声大学生，不给他面子，我让他入土!!,2023-02-04 09:31
,2023-02-04 10:12
好好好，先把隔壁信工大打下来弄个a➕吧,2023-02-04 10:14
,2023-02-04 10:28
,2023-02-04 10:59
我想吃鱼了,2023-02-04 15:56
好,2023-02-04 16:07
😃,2023-02-04 16:19
,2023-02-04 16:20
这就是郑专,2023-02-04 16:52
,2023-02-04 18:06
是不小心还是故意的,2023-02-04 18:51
老想吃草莓了,2023-02-04 21:09
,2023-02-04 21:31
,2023-02-04 23:29
老想吃明太鱼了,2023-02-04 23:43
😓😓,2023-02-05 00:15
郑大人是这样的,2023-02-05 07:58
zsbd是啥,2023-02-05 09:20
,2023-02-05 16:17
,2023-02-05 17:35
,2023-02-05 19:59
,2023-02-05 20:37
嗯币,2023-02-09 02:49
诶，嘬嘬嘬。我叫郑大人[掀盘子],2023-02-11 09:00
,2023-02-11 21:28
疫情过后想进学校看看,2023-02-10 11:07
感谢,2023-02-10 11:31
都还没开学吗,2023-02-10 13:16
明天开,2023-02-10 13:32
现在进校都要求啥啊,2023-02-10 20:52
进不去,2023-02-11 08:29
有个郑州大学数据平台，可以联系一下你之前的老师并在这里预约拜访。预约成功后刷手机扫码就可以进去了，16年毕业的我明天就要这样去学校了,2023-02-11 09:19
有找工作的，可以滴滴。,2023-02-11 20:30
从家到校，总共耗时5个半小时,2023-02-11 19:07
,2022-06-20 15:41
没毕业也开不进去,2022-06-21 09:14
学校现在还封着呢，进都进不去，还开车？,2022-06-25 23:22
学长毕业快十年了吧,2022-07-07 13:27
跨境电商卖家如何打造属于自己的店铺,2023-02-11 17:59
有没有研究生学长学姐忘评教怎么查成绩啊,2023-02-09 17:12
同问,2023-02-11 17:47
有没有已经在学校的小伙伴呀？现在进出校门有什么要求嘛？我看说扫码就可以随意进出嘛,2023-02-11 11:26
好像是，我看他们都这么说,2023-02-11 12:06
随意进出，我已经出入两次了,2023-02-11 17:46
如果想家长把车子开学校里需要什么手续吗。🐭🐭要毕业了把东西拉走一部分。,2023-02-11 16:41
学生在车上扫码直接进,2023-02-11 16:59
有人一块去玩吗,2023-02-11 17:21
有没有郑大一附院肾内科的好心人研究生学长学姐哇，想咨询一些事情🫡🫡🫡,2023-02-10 23:09
考研租房的来,2023-02-11 14:15
国际学院从文科转理科 三年绩点第一 保研北大 奇迹啊,2023-02-01 21:35
学霸学姐,2023-02-01 22:20
厉害,2023-02-02 06:58
强的,2023-02-02 15:17
抖音刷到过，确实厉害,2023-02-08 22:55
学姐牛逼,2023-02-11 13:19
如何评价我们宿舍楼里一部分人，因为校园里的流浪狗咬死了流浪猫，而主张下药毒死流浪狗，为猫猫报仇。,2023-02-09 09:47
难道没人因为流浪狗被毒死，而主张......，这是能说的吗,2023-02-09 10:08
玩原神玩的了,2023-02-09 10:17
看看他们玩不玩原神,2023-02-09 10:28
,2023-02-09 11:13
看看手机里有没有原神,2023-02-09 12:04
😨,2023-02-09 12:08
逆天,2023-02-09 14:24
你们宿舍住的是女生吗？,2023-02-09 14:37
怎么就回学校了？,2023-02-09 15:04
玩原神玩的,2023-02-09 15:42
男的就更逆天了,2023-02-09 16:18
字词，不然让🐭🐭们怎么活,2023-02-09 19:41
没脑子,2023-02-10 00:24
关爱鼠鼠人士表示要下毒流浪猫,2023-02-11 12:03
狠狠地进货一批前后都是洞的秋裤,2023-02-11 12:59
有没有线下做家教的，一位中心医院的大夫家女儿，辅导高中数学，要理工女生，在郑州，时间在周末，具体时间和钱自己商量，我也不知道，只帮忙喊一下。我电话15639082672,2023-02-08 18:13
郑大家教中心电话13027763165,2023-02-11 12:48
请教医学院的小伙伴，这门课在哪上嘞，是在学校还是去医院呐,2023-02-10 14:40
理论课在教室，实验课去一附院里面,2023-02-10 20:42
理论课在教室，实验课去技能实验楼。,2023-02-11 12:22
,2023-02-11 11:47
招聘医学兼职翻译（英语），以医学论文翻译为主，要求英语水平高的童鞋，医学院或外语学院为佳。有意者联系qq:390672737,2023-02-11 11:42
一上午的努力，继续加油,2023-02-11 10:14
兄弟你做的什么电商呀,2023-02-11 10:59
关于中国开放二胎后，中国人口预测，看看李子丰在2015年是怎么说的吧-,2023-02-11 06:23
大学计算机基础笔试难吗 就是那个双语计算机,2023-02-09 21:22
顶,2023-02-09 21:45
大一就黄牌是吧,2023-02-11 00:00
cy,2023-02-11 00:23
科研零起步，人体器官与组织的奥秘，这俩线下课能学到点啥不。要是不咋行的话我就推掉选线下了，在线等捏~,2023-02-10 20:44
能，但不多，我也选的这个，线下单杀你,2023-02-11 00:17
xdm帮帮忙,2023-02-09 14:13
362027101，今年招新不知道开始没,2023-02-11 00:02
,2023-02-09 22:36
可以嘛，想出去跟爸妈吃个饭再置办点东西,2023-02-10 00:57
没人吗,2023-02-10 01:03
可,2023-02-10 08:15
不知道 插个眼,2023-02-10 09:42
应该爸妈不能进，我们班长说的是扫码进校,2023-02-10 10:09
只能让父母在门口等着,2023-02-10 22:19
父母不让进 不过你能进去再出来,2023-02-10 23:12
,2023-02-08 13:16
校选课我都随便选的，稍微上点儿心弄弄基本都90多吧,2023-02-08 13:58
,2023-02-10 20:38
球学术报告表！有偿！急急急！！f,2023-02-10 18:20
可以郑大超话问问,2023-02-10 20:24
,2023-02-10 15:35
大一不都是公共课吗，高数线代相对挂的多,2023-02-10 19:49
,2023-02-08 16:58
,2023-02-08 17:11
,2023-02-08 19:55
+3,2023-02-08 20:01
好好好,2023-02-08 20:39
夹③,2023-02-08 20:47
,2023-02-08 20:57
,2023-02-08 20:58
,2023-02-08 20:59
,2023-02-08 21:00
3,2023-02-08 21:05
,2023-02-08 21:05
好好好,2023-02-08 21:25
也祝我一臂之力,2023-02-08 21:28
,2023-02-08 21:28
,2023-02-08 21:31
好好好,2023-02-08 21:39
3话说郑大吧为什么这么多 帖子，两千多万了都,2023-02-08 21:46
3,2023-02-08 22:00
速度,2023-02-08 22:36
,2023-02-08 22:38
,2023-02-08 22:46
好好好,2023-02-08 23:07
③,2023-02-08 23:19
好好好,2023-02-08 23:34
,2023-02-08 23:43
好好好,2023-02-08 23:44
都是老东西,2023-02-08 23:51
,2023-02-08 23:54
-3,2023-02-08 23:57
老东西真能氵,2023-02-09 02:15
3,2023-02-09 02:36
,2023-02-09 07:39
给我磕一个,2023-02-10 19:23
,2023-02-10 19:25
有没有二战三战的朋友，想在校内学习的，现在有个轻松的校内工作，可摸鱼背书刷题，校内管吃管住，月入三千，每天都有一上午或一下午不用上班，可正常进出学校感兴趣的私,2023-02-10 11:47
什么工作,2023-02-10 15:53
细说,2023-02-10 17:11
当我们是小孩子？还是啥，这对学校有啥好处吗,2023-02-10 13:37
身体健康,2023-02-10 15:20
怕你在外面出事，学校要担责任的,2023-02-10 17:00
考试不考试？,2023-02-10 15:40
考研该怎么找资料啊？各位大佬指导指导,2023-02-10 13:34
吃瓜晚了，回答没有了。,2023-02-10 09:01
,2023-02-10 10:08
我还因为在这个评论区畅所欲言被b乎制裁了,2023-02-10 11:28
如我佛门，不复忧苦,2023-02-10 12:50
小吧主有帖子,2023-02-10 13:07
去找小吧主的帖子,2023-02-10 13:30
,2023-02-10 13:24
吧友们，想问一下有没有正在郑大在读的生物医学工程的研究生  有些问题想请教一下。,2023-02-10 09:51
考研租房来,2023-02-10 12:46
大家看看这个 图形是什么,2016-03-31 17:17
2楼,2016-03-31 17:17
牛,2016-03-31 17:19
,2016-03-31 17:21
乌龟,2016-03-31 17:23
穿山甲！,2016-03-31 17:23
看到牛的是这个形状吗,2016-03-31 17:27
我是色弱，，我看到是鹿～,2016-03-31 17:28
我是色弱，我看到一只鹿,2016-03-31 17:35
看到鹿的形状是这样吗，对，我看到的就是这样,2016-03-31 17:37
第一眼看到鹿，仔细一看还有牛,2016-03-31 17:40
我一眼看是头牛┗(･ω･;)┛，另眼看是只鹿,2016-03-31 18:01
一只牛一只鹿怎么办,2016-03-31 18:21
牛啊,2016-03-31 18:32
牛,2016-03-31 18:56
牛牛啊，好奇怪怎么看到的鹿的，看到哪种是正常的,2016-03-31 18:57
好丑的四不像,2016-03-31 18:59
牛,2016-03-31 19:02
牛和鹿都有,2016-03-31 19:03
牛,2016-03-31 19:11
应该是红色粉红色为背景，绿色蓝色为图案，图案为牛，看到鹿的是忽略了深蓝深绿,2016-03-31 19:14
牛啊,2016-03-31 19:20
牛🐮,2016-03-31 19:23
是许多有颜色的小圆点,2016-03-31 20:13
明明是些灰色的小点啊,2016-03-31 21:04
老虎,2016-03-31 21:16
不好意思，我没吃过认不出来,2016-03-31 21:18
这他妈不是鹿？,2016-03-31 21:20
色弱的人对色彩的明暗更敏感，所以浅色的鹿一眼就能看出来，正常人对色彩的冷暖更敏感，所以看出来牛,2016-03-31 21:33
酒吧舞✌打过来辣,2023-02-04 21:07
哈人,2023-02-05 11:51
西北大学什么学校？,2023-02-05 14:02
哈人，我先run了,2023-02-05 14:28
哈人，我已经润了,2023-02-05 14:48
特别是女孩子爱美选择隐形眼镜，长时间下来对眼睛伤害很大，危险系数存在安全隐患，像现在有的孩子初期假性近视，用产品一段时间后可以慢慢好的，发现小问题要及时治疗不能拖,2023-02-05 15:04
酒吧舞sir，this way，这里是南核地干活，前面是北核地干活，对面是体育馆地干活,2023-02-05 16:03
速速合并成兰州大学郑州分校,2023-02-06 12:16
,2023-02-08 08:04
学校附近商家招课余校内发单兼职，可以长期做，薪资高，有时间的同学请联系我。加V15638929730,2023-02-10 11:34
,2023-02-08 12:02
这是啥网站,2023-02-08 12:41
win,2023-02-08 12:43
郑又win！,2023-02-08 12:45
最win的一条,2023-02-08 12:55
人家学校早这样了，输。,2023-02-08 12:57
,2023-02-08 13:09
win！,2023-02-08 20:04
扫哪个码捏,2023-02-08 22:18
win,2023-02-08 23:23
奈斯,2023-02-09 12:13
实在不行保卫科一份检讨,2023-02-10 11:17
请问郑大的非全日制法硕（非法学）上课方式，感激不尽,2021-05-05 19:08
集中上课，每年四月和九月上课,2021-08-17 17:04
有宿管招聘的吗？我一亲戚，女，想干宿管，谢谢,2022-10-05 22:38
学生一般接触不到这些信息，得去问相关工作人员,2022-10-06 00:04
谢谢，目前我是进不去呀，疫情,2022-10-06 02:40
,2022-10-06 07:44
郑州大学招宿管阿姨吗？,2023-02-04 00:58
前几天看微博  刚毕业去做宿管阿姨  某微博还在吹嘘……,2023-02-10 10:42
开学第一周？第二周？好心人say一下,2023-02-09 23:17
专业课一般二十左右，大概20-23,2023-02-10 10:10
下学期 有想做家教的同学吗   孩子挣点生活费,2023-02-10 10:10
zzu大win特win！这波我字词zzu,2022-12-31 02:19
郑清北岂是浪得虚名,2022-12-31 10:53
,2022-12-31 11:13
,2022-12-31 11:27
本科，win,2022-12-31 12:09
,2022-12-31 12:11
淡季贴吧,2022-12-31 12:24
,2022-12-31 12:27
不如加入专科篇当第一,2022-12-31 13:10
河u输麻了,2022-12-31 13:59
荷兰赢！,2022-12-31 14:14
winwinwin,2022-12-31 17:58
郑大的宣传太强了  佩服佩服,2023-01-06 22:50
+3,2023-01-21 15:42
儿子,2023-02-09 12:22
经验q,2023-02-08 08:05
,2023-02-09 22:41
输,2023-02-09 22:46
今天简历筛选截止？,2023-02-10 07:42
,2023-02-10 01:48
郑专惊现罕见服装，是哪位小罕见出罕见服装了,2023-02-08 13:44
请党放心，强国有我,2023-02-08 13:46
我超，莲！,2023-02-08 16:53
感觉...不如甘雨cos,2023-02-08 18:00
我们zzu真是人才聚集地,2023-02-08 18:41
,2023-02-09 07:45
我的评价是不如充气娃娃,2023-02-09 22:02
求郑大考试上车群,2023-02-09 21:35
学弟学妹们，学校开学没，开车能进去玩不？,2023-02-09 21:02
插眼,2023-02-09 21:19
请问最晚几点回来,2023-02-08 16:25
第二天再回可以嘛,2023-02-08 16:43
顶,2023-02-08 16:56
另外有学长知道各个门都几点关门嘛？,2023-02-08 16:56
请问这在哪问的,2023-02-09 13:32
听说早6晚11,2023-02-09 18:42
回来晚了直接劝退,2023-02-09 19:35
,2023-02-09 16:31
谁啊,2023-02-09 19:03
有没有已经毕业的学长学姐，郑大研究生挂科重修过了之后成绩单上面有显示挂科吗？影响找工作吗,2022-09-23 18:02
有答案吗,2023-02-09 17:13
,2023-02-02 02:11
多考几十分谁来郑大啊,2023-02-02 08:40
远离双吧贵物🤮🤮,2023-02-02 09:15
因为考不上其他学校,2023-02-02 09:19
我国院计科的 我看我们19年招了120人 13个保研的 没5％这么低吧,2023-02-02 09:29
喜欢郑大,2023-02-02 09:38
第一学府,2023-02-02 09:47
跟双一流吧的鬼屋聊什么呢有啥意思,2023-02-02 11:32
靠，我国际学院最低分进来的，你还让我多考几十分？,2023-02-02 12:09
我怎么不多赚几个亿去养老呢,2023-02-02 12:10
大水比,2023-02-02 12:23
远离贵物,2023-02-02 12:31
对不起，做不到😭,2023-02-02 14:29
能多考几十分我还在这,2023-02-09 16:06
,2023-02-09 01:13
往年是大一上，今年情况特殊不知道,2023-02-09 08:38
第一学期,2023-02-09 12:05
大一上，之后据说还可以留级转专业，具体情况可以问导员,2023-02-09 16:04
像计算机科学导论，双语计算机这种看起来就是水课的要考吗？,2023-02-09 15:12
裕华满园公寓房东直租，有需要可以联系我v：G1239015683,2023-02-09 15:08
新校区有草地可以晒太阳吗,2023-02-05 10:58
你要是不嫌埋汰就有,2023-02-05 11:40
厚山南坡，北核北面都有草坪,2023-02-05 11:48
有，厚山那里和学校东南边都有,2023-02-05 12:03
东南大草坪,2023-02-05 18:02
,2023-02-06 10:34
有森林,2023-02-09 13:32
有没有知道郑大松园宿舍椅子的尺寸啊，我把新生手册丢了，现在想买个靠垫,2023-02-06 21:28
？,2023-02-06 23:24
不如自己买个椅子,2023-02-07 10:16
我们宿舍的椅子大小都不一样,2023-02-09 12:24
有没有药学院的学长学姐出大一下的课本和白皮啊,2023-02-09 10:59
,2023-02-07 10:35
问问你当时辅导员吧,2023-02-07 18:36
🈚️毕业证，不知道,2023-02-08 00:45
不方便 很繁琐,2023-02-08 08:27
打办事大厅电话咨询一下 好像有专门窗口处理这事,2023-02-08 12:11
需要抢吗？,2023-02-09 08:42
主校区出电卡，床上书桌，上学期开学宿舍一块买的，疫情封寝没咋用，这学期要出去实习了[允悲]，一张五十多次的，两张七八十次的，还有两张一百次没用的，电卡买一张送十次，两张送三十次，书桌也是没咋用，桌子30r，坐标新校区，十一号开学可拿，要的私,2023-02-08 14:26
我要两张电卡,2023-02-09 02:48
[表情][表情][表情][表情][表情][表情][表情],2022-11-19 19:23
目前只有选择题的,2022-11-19 20:09
up🆙,2022-11-20 09:04
up🆙拜托,2023-02-08 19:42
每个院的本科新生群都有的,2023-02-08 22:11
,2022-12-26 14:28
福利，但是吧这是合约，等于20个月内你不能携号转网，降低资费等一系列操作，,2022-12-26 15:05
联通营业厅在育博楼下  找人问下就行,2022-12-26 15:12
不办校园卡598套餐学渣羡慕不已,2022-12-26 15:34
不太清楚啊,2023-02-04 00:09
我就是这个套餐，感觉还蛮划算的，就是偶尔网有点慢,2023-02-08 21:31
就一个报告册答案还要5r出，这种人是穷疯了还是觉得别人都傻啊，你说你要是整个代写代抄也河里，你不，你非要赚傻子的钱，希望看到这条帖子的鼠鼠可以避开这种dinner[图片],2023-02-08 20:01
我有捏，楼主要不要,2023-02-08 20:15
我看有多少人，楼下滴一声，人多的话我拉你们。,2023-02-06 14:01
rt:今天大一选课，楼主用了n个密码都显示错误，点忘记密码输入我的qq邮箱又显示邮箱错误，有没有8u有解决办法,2023-02-08 14:59
建议试试身份证后六位，再不济就移动校园平台登录选课,2023-02-08 16:04
求兼职👗 谢谢,2023-02-08 10:00
求租北校一卡通，要二战了,2023-02-08 17:35
主校区出电卡，床上书桌，上学期开学宿舍一块买的，疫情封寝没咋用，这学期要出去实习了[允悲]，一张五十多次的，两张七八十次的，还有两张一百次没用的，电卡买一张送十次，两张送三十次，书桌也是没咋用，桌子30r，坐标新校区，十一号开学可拿，要的私聊,2023-02-08 14:21
今天选课发现有的课选的人好少，害怕开不了课。,2023-02-07 10:35
好像是20人,2023-02-07 11:30
低于20人不开课,2023-02-08 14:44
人工器官与组织的奥秘和力学中的诗与美好过吗？,2023-02-08 14:21
力学那个好,2023-02-08 14:42
第一个没上过,2023-02-08 14:42
刚来没有经验，发个帖问一下,2023-02-02 23:40
我线上课都是顺便选的，基本都90多，线下课没选过不知道。,2023-02-03 10:02
别选自然地理就行了,2023-02-03 12:35
校选修尽量选慕课的网课，好刷而且基本分都挺高,2023-02-03 18:01
嫌麻烦就选网课，省事省心,2023-02-05 11:40
,2023-02-08 08:05
网课不是可以刷,2023-02-08 10:49
,2023-02-08 10:45
这情况正常吗,2023-02-03 00:26
我有一科必修还没出呢,2023-02-03 08:12
估计挂科了吧，挂科的院选修看不到成绩,2023-02-06 14:25
估计挂科了吧，挂科的院选修看不见成绩,2023-02-06 14:25
可能是老师没给教务处成绩,2023-02-08 13:18
各位学长学姐们有什么经验之谈吗，对了，我是北校区的,2023-02-02 17:38
网课，犯罪现象，线下课，营养与健康,2023-02-02 18:31
对了，我的基因与健康98，老师,2023-02-02 18:31
选线上，智慧树,2023-02-03 08:12
别选自然地理鞋鞋,2023-02-03 11:38
选个慕课完事了,2023-02-03 14:54
还有什么工程建设理论工程实践的也不要选，一节课四五十分钟，开倍速都看不完,2023-02-07 09:18
保卫处到底准备干什么？？我的电车咋办啊！！,2018-06-27 11:58
老哥你可以寄存到我们南区 或者卖给我,2018-06-27 12:20
收车 晚了卖不出去了 私聊,2018-06-27 12:21
老哥，电动车怎么卖？,2018-06-27 12:46
电车咋卖，想入手一辆上班骑,2018-06-27 12:47
可以卖给吗。轻院的,2018-06-27 12:52
收车的这么多年找个出价高的卖了呗,2018-06-27 12:53
保卫处卖你的车赚钱啊,2018-06-27 13:24
学校在布双一流的局,2018-06-27 13:38
以后郑大都用平衡车吧,2018-06-27 14:09
什么样的电动车多少钱卖,2018-06-27 15:00
我刚刚看到保卫处公告没了,2018-06-27 15:01
河南工业大学了解一下,2018-06-27 15:08
政策撤销了,2018-06-27 15:11
什么车，想收。怎么联系,2018-06-27 16:09
有没有人知道没用完的电车充点卡可怎么处理,2018-06-27 16:28
,2018-06-27 16:52
出个红色鬼火，新换电池，可以骑五天,2018-06-27 16:56
保卫处收钱了信么,2018-06-27 17:12
保卫处公告没了，执行不执行还两回事呢,2018-06-27 17:51
,2023-02-07 23:04
,2023-02-05 16:26
不能,2023-02-08 08:28
北校区，想问问有没有这类资讯墙或者账号，孩子想看看校园新鲜事，或者有些问题的时候想咨询一下这样子,2023-02-08 08:16
我是隔壁粮专的，想问问贵校开学封不封校。,2023-02-05 23:57
不封,2023-02-07 05:46
好像有导员说不封,2023-02-08 00:09
去年翻墙约p导致南校区几千人被隔离的王女士学籍恢复了,2023-01-16 16:19
,2023-01-16 16:46
xxn的含金量,2023-01-16 17:10
本来就没开除,2023-01-16 17:55
真辞退了，让一个年轻人咋整……,2023-01-16 18:07
3,2023-01-16 23:54
,2023-01-17 08:05
？愿闻其翔,2023-01-17 08:10
全靠你一张嘴是吧？,2023-01-17 14:20
当时不是刑事拘留了吗,2023-01-26 12:58
证据呢？,2023-01-27 01:30
绿牌小鬼说的话不如黄牌放的屁真,2023-01-27 01:46
哦,2023-01-27 10:28
+3,2023-01-27 10:32
确实,2023-01-28 11:19
还记得当时国庆节假期低风险区学生不放假，某院辅导员却可以逛商场看风景，国庆节的假期不给请假，学生只能翻墙出去，感染了自然倒霉，这事现在掰扯对错说不清楚,2023-01-28 16:29
,2023-01-29 15:32
3,2023-01-29 16:18
证据呢？,2023-01-30 07:19
哦,2023-01-30 09:58
郑大是这样的,2023-01-30 11:13
明知其无可奈何而安之若命,2023-01-30 14:23
约p?我了解的是去串通外星人入侵地球。,2023-01-30 23:18
,2023-01-31 00:22
按现在的角度看，本来也没多大错,2023-01-31 07:56
上证据,2023-01-31 09:08
我对你真无语,2023-01-31 09:30
1,2023-01-31 10:42
来点真凭实据,2023-01-31 11:47
当时听说那个女的让室友代做核酸,2023-01-31 12:02
别到处拉💩,2023-01-31 14:57
是这样的,2023-01-31 16:22
一级号showshowway,2023-01-31 20:00
事不关己,2023-01-31 22:00
？,2023-02-02 01:01
xxn真牛。要是南人估计直接进局子,2023-02-08 07:57
,2023-02-07 10:09
蹲蹲,2023-02-08 00:46
双航母都有小黑子了，师专赢赢赢,2023-02-07 13:17
赢,2023-02-07 18:36
这dinner吹河踩郑我都碰到多少回了，不知道是不是河大的,2023-02-07 22:07
赢,2023-02-07 22:43
南校区的柜子大概多宽呀,2023-02-07 21:51
想了解一下非全日制公共卫生硕士的上课方式，有没有方便告知的，谢谢,2021-03-17 09:37
目前是跟着全日制集中上课，并非周六周日上课,2021-03-17 09:45
终于找到组织了 想问一下学长学姐郑大公卫咋样啊 压不压分啥的,2021-07-14 08:03
分享贴子,2023-02-07 14:53
毕业学长今天下午想去学校看看，有办法的私我,2023-02-07 14:52
咱学校能不能两个人同楼同学院互换宿舍啊，辅导员同意了，就是问下流程,2023-02-06 16:06
顶个,2023-02-06 19:01
你就是不同园区换宿舍也可以，只要导员同意就行，让导员往上打报告呗,2023-02-06 23:59
不涉及住宿费补差就没什么  两个宿舍如果有人不同意  也麻烦,2023-02-07 08:04
正常流程你看宿舍楼门口  都有调换宿舍流程,2023-02-07 08:05
随便换就行,2023-02-07 14:14
转租谦祥·万和城B区单间。月租280元，水费均摊，电费自负，网费免费，四面实体墙，合租户安静不闹，有大窗，12平，还有6个月到期，有意者电联:130-6959-0535。,2023-02-07 14:01
兄弟姐妹们，郑大的软件学院和信息工程学院都在哪个校区呀？百度了，一下，发现有好几个地址哎,2021-09-16 16:51
软件学院在北校区,2021-09-16 17:15
软院在北区，信工在主校区,2021-09-16 17:28
信工在中原区,2021-09-16 19:19
国际学院（就是南校区）应该也有自己计算机相关专业吧,2021-09-17 01:56
我来给你说明白。信息工程学院目前总体在新校区，院里有计算机，电子通信等专业。南校区有信息工程学院的老楼，里面有河南省超算中心，还有几个研究院。如果你是本科生，都在新校区。如果你考郑大研究生，超算中心方向的一般在南校区(也不一定，看导师)。另外一个就是北校区，北校区是软件学院和国际学院工学部。分别有有本科专业信息安全和 计科电子通信等的中外合作办学。,2021-09-17 08:39
看情况你应该是考研。你报信工院的话，部分在新校区，部分在南校区(看方向和导师，这个真不一定)。你报软件学院的话，大概率在北校区，也有极少量的在新校区(跟导师),2021-09-17 08:42
有zzu的计科学长学姐群吗，蹲,2023-02-07 13:34
,2023-02-07 08:14
线下的校选课选完以后 过了选课时间段还能退选吗,2023-02-07 11:46
请问有郑大附一的学长学姐或者本科实习的同学吗，想请教一些问题，可有偿！救救孩子吧,2023-02-07 07:58
咱们郑大的主校区有哪几栋教学楼的教室是可以去自习的呀  想下学期多去教室自习  图书馆占座不好占,2023-02-05 18:47
教室不是随便去，只要不是有老师上课就行,2023-02-06 09:47
,2023-02-06 10:11
,2023-02-06 10:32
喜欢人少安静的氛围可以去南四，喜欢人多的学习氛围可以去环保管,2023-02-06 13:09
没上课就能进，教务系统能查空闲教室,2023-02-07 11:31
我也想租房子，19943813624微信同手机号，马上要搬去郑州大学东校区了，想租一个房子，想找一个女室友一起看房子，有需要的可以加微信了解了解,2023-01-06 23:57
打扰了，出租次卧，自己房子，无中介费，郑州大学家属院，视野好，采光好，地铁口，盛和苑西门过马路就到郑州大学！拎包入住！24小时热水，空调家具家电齐全…wifi免费！15903627898  ，谢谢,2023-02-07 10:28
,2023-02-07 10:15
楼主今年考郑大信工的研究生，成绩还不错，应该稳上。求助各位有没有推荐的老师,2022-02-22 07:22
郑州大学信息工程学院王法松（本人人格担保），提前联系,2022-10-21 13:29
赢在起跑线上，还有300多天，地址在下面图片上。考研真题网专注帮助考研学子上岸,2023-02-06 12:38
好,2023-02-06 16:03
好,2023-02-06 21:52
求助，期末评教的时候忘记填期中的，结果判断为期末评教未完成，查不到成绩怎么办,2023-02-06 18:05
点所有学期成绩就能看到了,2023-02-06 20:02
有木有人回答一下现在对外开放吗?,2023-02-06 18:45
附近住户，想去郑大图书馆学习两个月,2023-02-06 10:44
"加v:1126305878,同求，我带你进。不忽悠",2023-02-06 17:44
大家发表下自己的看法,2023-02-06 14:25
加州大学也行,2023-02-06 14:26
中州大学＝ZZU＝郑州大学,2023-02-06 17:21
,2023-02-06 17:22
主要做资料的整理 会议记录 每天的施工进度上报记录 工作地点在郑大 科学大道校区 会用电脑word Excel 就可，有意愿时间的详聊,2023-02-04 14:59
做工程资料的吧？可以居家远程办公嘛？,2023-02-05 16:56
具体工作怎么说？待遇如何？ 是要求在校生兼职，还是？,2023-02-06 15:15
,2023-02-06 14:39
郑大仪器仪表专硕值得报考吗？学科评估c都没有，毕业是不是认可度不高啊，毕业后工资怎么样呢，求解答！,2023-02-06 13:57
想知道17号过去能进学校吗，然后我就准备过去考个试就回家了。有知道的吗？,2023-02-06 13:52
,2023-02-06 13:45
rt,2023-02-06 12:49
外校生怎么进学校的图书馆呀？,2023-01-11 22:19
私信，我带你进去，不忽悠，我只想找个朋友，缓解备考之苦,2023-02-03 21:42
图书馆不好进吧要刷学生卡,2023-02-06 11:34
有没有🐭🐭说下自己院开学考试时间的 怎么看口腔19开学就开始考 不要吓🐭🐭,2023-01-31 20:19
我们开学第一周就考，不拖沓，不限定周末,2023-01-31 20:31
你是19级口腔吗？,2023-01-31 20:31
商院18号,2023-01-31 22:35
还好我就剩公修课了😋,2023-02-01 14:13
院里没通知,2023-02-06 10:36
就是学分课挂了,2023-02-04 18:46
校选修课无影响，挂了就挂了无所谓，院选修我看他们说是有影响的,2023-02-06 10:29
大家好呀～本人男，98年哒，身高182，75kg，健身，本科211，硕士顶尖985，未来准备留在北京发展。家是河南的，性格温和活泼，真心想找一个可爱的女孩子接触一下，希望对方性格温良，可爱一点，我愿带着你走遍山川湖海，阅尽世间繁华，一起做成长型恋人吧！真诚想认识一个人，附上QQ 3522365146,2023-02-06 10:28
家里有一个非常有钱的亲戚，互联网公司的，有个喜欢跳舞的女儿，染了一头白毛还带点挑染，今天他们一家来我们家串门。,2023-01-31 20:03
怎么没人,2023-02-04 00:07
,2023-02-04 07:47
给我介绍一个,2023-02-06 09:19
,2023-02-04 00:25
没人？,2023-02-04 00:26
打个👢先,2023-02-04 00:27
,2023-02-04 00:49
看我不把你打成bot,2023-02-04 01:24
在？跟我个迈阿密玩玩,2023-02-04 06:57
原神在那么你了，动不动就说,2023-02-04 13:39
,2023-02-05 11:52
报备出入,2023-02-05 12:39
,2023-02-05 13:41
特别是女孩子爱美选择隐形眼镜，长时间下来对眼睛伤害很大，危险系数存在安全隐患，像现在有的孩子初期假性近视，用产品一段时间后可以慢慢好的，发现小问题要及时治疗不能拖,2023-02-05 15:08
吧友们，荷园宿舍能用小功率吹风机吗？,2023-01-31 14:09
好像不能，之前我室友用过一回，结果跳闸了，被宿管阿姨批评了一顿,2023-02-05 11:42
要买票了,2023-02-05 11:46
,2023-02-05 11:39
,2023-02-04 23:47
老铁做什么细锁,2023-02-05 11:19
做什么说,2023-02-05 11:31
,2023-01-30 13:15
你好，不知道,2023-01-30 14:45
你好，不知道,2023-01-30 17:53
你进去了吗,2023-02-05 10:43
开学可以自由外出吗  都大三了还没怎么享受生活,2023-02-05 00:00
郑大新校区这边网球场对外开放吗？怎么进去？,2023-02-04 17:52
请问大类专业的学生可以转其他专业吗,2022-07-22 01:32
可以，我当时转的时候就属于土木大类,2022-07-22 10:09
可以,2022-07-23 09:34
,2023-02-04 16:12
,2023-02-04 14:46
球球，2022大一计算机实验报告书电子版，想打印出来。谢谢烙铁们🥰🥰,2023-02-04 13:38
有偿的 求求了,2023-02-04 13:53
已经有啦 嘻嘻,2023-02-04 14:04
需要的私,2023-02-04 13:00
问一下各位医学院的学长学姐，咱们院选修的神生还用自己选吗，还有没有和神生一样必须选的吗,2023-02-04 11:27
我的建议是有就选，后期课程压力挺大，抓紧把学分拿够可以减轻后期负担,2023-02-04 13:03
而且选修不算绩点，过了就行，挂了也没事，基本老师都会让过的,2023-02-04 13:04
如题，明年六月份就毕业了，感觉一战成绩没希望了，想要下半年接着在校内学有什么办法吗?,2023-01-23 14:11
说是明年没有疫情管控了，但感觉租个房子在校附近，每天出入学校还是不现实，有相关经验的吧友可以传授一下吗,2023-01-23 14:13
dd,2023-01-23 14:17
dd,2023-01-23 16:23
dd,2023-01-23 23:38
帮顶,2023-01-24 21:53
打扰了，出租次卧，自己房子，无中介费，郑州大学家属院，视野好，采光好，地铁口，盛和苑西门过马路就到郑州大学！拎包入住！24小时热水，空调家具家电齐全…wifi免费！15903627898  ，谢谢,2023-01-31 15:19
有啥不现实的？校门外很多考研自习室的。或者钻到学校,2023-02-03 21:18
,2023-02-04 00:56
怎么感觉有点黄,2023-02-04 02:06
微信小程序，青鸟壁纸,2023-02-04 09:55
,2023-02-04 10:01
//@顺丰快递哥 :分享贴子,2023-02-04 03:28
,2023-02-04 02:35
,2023-01-09 10:38
外人要报备,2023-01-09 10:42
,2023-01-09 12:35
打个🦶,2023-01-09 13:26
私信，我带你进去，不忽悠，我只想找个朋友，缓解备考之苦,2023-02-03 21:44
我也想知道能不能进,2023-02-03 23:57
快毕业答辩了，论文还没开始写，格式也不懂，有没有群，一块讨论一下,2023-02-03 21:47
找上一届的，改,2023-02-03 22:08
如题,2023-01-15 11:46
私信，我带你进去，不忽悠，我只想找个朋友，缓解备考之苦,2023-02-03 21:37
去郑州玩，想去瞻仰瞻仰,2023-01-30 14:40
你好，不知道,2023-01-30 23:18
你好，不知道,2023-01-30 23:26
不让,2023-02-03 21:23
你好，不知道,2023-02-03 21:29
想卷一卷了xdm,2022-12-05 20:27
开了,2022-12-06 09:44
不准卷,2022-12-06 10:37
本科生2月11，12日报到,2023-01-28 09:27
求考友，私信,2023-02-03 21:24
贴吧新春活动提现🧧时候给的图，“郑州大学吧祝你往来皆好”有种黑暗中孕育新生的美,2023-02-03 20:56
,2023-02-03 18:27
丁老师的数学讲的很通俗易懂啊，用很简单的方式去推导，数学笨蛋表示真的很有用,2023-02-03 18:03
,2023-02-03 16:54
什么是通行码,2023-02-03 17:52
在家复习实在学不进去，现在可以提前返校吗,2023-01-29 18:44
同问,2023-01-30 13:15
问导员吧,2023-01-30 15:00
2月13号开学么,2023-02-03 16:05
,2023-02-03 14:31
各位学长学姐们请问临床五年制大一下选课都有什么，哪个老师比较好过？🙏,2023-02-03 13:03
21级，前来咨询,2023-02-02 23:55
,2021-04-27 14:26
软件学院？,2021-04-27 17:25
帖子沉了呀,2021-05-06 11:22
楼主，高级程序设计是机考吗？,2022-02-22 18:41
插眼,2022-02-23 15:56
郑大软件学院的研究生在哪个校区啊？,2021-01-25 14:42
新校区,2021-01-27 17:20
你是21复试还是22考研？,2021-01-27 17:20
在北校区，金水区文化路97号，郑州大学工学院,2021-02-01 20:52
,2023-02-02 10:44
不封吧,2023-02-02 11:25
封了，刚被门口保安拦下，说没接到开放通知,2023-02-02 18:44
没开放，刚被保安拦下，说没接到开放通知,2023-02-02 18:45
给猫咪找领养。一只英短蓝白，因为特殊原因也养不了了，所以需要给他找一个有爱心的主人。有喜欢蓝白或者喜欢猫咪的。可以联系我免费送，完全免费。我自己已经出了钱给他做绝育了。你什么钱都不用花，只需要去接到猫带走。,2023-02-02 15:41
,2023-02-02 13:27
😭,2023-01-30 19:44
好好好,2023-01-30 20:35
什么三体,2023-01-31 08:10
,2023-01-31 08:56
,2023-01-31 09:13
,2023-01-31 10:50
大好事,2023-01-31 11:41
,2023-01-31 11:52
正确的带专打开方式,2023-01-31 15:03
,2023-01-31 15:22
house！,2023-01-31 15:25
,2023-01-31 17:00
😭惹,2023-01-31 17:13
,2023-02-02 12:47
早该没没了,2023-02-02 12:48
去年是311，今年不知道,2023-02-02 11:55
海文考研的老师真的教的好细致，每个知识点都讲的很透彻，而且讲的风趣幽默，没有干巴巴的念题,2023-02-02 10:41
之前大一带过挺久的家教，后来疫情严重带不了了 最近放开了想再赚点钱，然后发现之前的平台没了。不知道去哪里能找到单子,2023-01-04 20:18
进群,2023-02-01 19:05
好厉害,2023-02-01 21:00
想问一下郑大编译原理和数据库是哪本教材,2023-02-01 15:24
顶,2023-02-01 15:28
,2023-02-01 17:40
应该是这两本🤔,2023-02-01 17:40
我看看谁不把郑带作为主吧,2023-01-19 18:27
➕8,2023-01-19 18:27
大伙们快来氵,2023-01-19 18:27
这个怎么弄的,2023-01-19 18:44
+3,2023-01-19 19:07
,2023-01-19 20:09
,2023-01-19 22:01
怎么回事呢,2023-01-19 22:05
,2023-01-19 22:07
➕3,2023-01-19 22:23
3,2023-01-19 22:27
,2023-01-19 22:45
,2023-01-19 22:59
,2023-01-19 23:55
你是,2023-01-20 00:14
不给,2023-01-20 00:33
,2023-01-20 00:47
带专,2023-01-20 02:59
,2023-01-20 03:28
1,2023-01-20 06:28
,2023-01-20 07:32
,2023-01-20 08:44
吧主的女友是我的好朋友1-5部,2023-01-20 08:55
😭,2023-01-21 10:25
+3,2023-01-23 14:38
唯一黄牌给郑带了,2023-02-01 19:29
看起来没有什么含金量呀。？？,2023-02-01 14:09
我们是驾校,2023-02-01 14:11
这AD钙奶的颜色怎么看着这么不对尼,2023-02-01 14:40
不是幼稚园¿,2023-02-01 14:58
我们是螺丝厂,2023-02-01 15:22
不是幼教中心？,2023-02-01 15:38
已向上级领导反应,2023-02-01 17:01
看见这种广告就特别尴尬，郑带唉,2023-02-01 18:44
虽然已经没有封校的理由了  但是感觉zzu没啥不敢干的,2023-02-01 16:07
化学院武杰老师怎么样,2023-02-01 11:57
,2023-02-01 10:58
,2023-02-01 10:46
郑州大学年后几号开学啊！,2023-01-06 14:46
2月11-12号报道 13号正式上课,2023-01-07 17:22
211,2023-01-17 14:45
211,2023-01-27 23:25
不想开学，只想在家吃肉肉,2023-02-01 00:11
有个快递估计2.1就能到，离开学还有10多天，需要再找人代取吗,2023-01-31 12:30
d,2023-01-31 12:30
,2023-01-31 20:55
要是有人跟我一样不清楚可以看看5楼发的,2023-01-31 20:56
有无拼车的友友,2022-11-28 11:32
友友，有郑州登封拼车群吗,2023-01-31 17:24
从2017年毕业起就没吃过这么好吃的麻辣香锅了，我记得原来有一个群的，大家谁有群号啊？想进群,2022-08-07 16:13
有，但是学弟没群号,2022-08-12 06:36
好吃吗，还贵，现在聚英园二楼新装修后那家香锅不错,2023-01-31 15:32
,2023-01-05 15:57
网上找一下往年的试卷就行,2023-01-28 15:36
打扰了，出租次卧，自己房子，无中介费，郑州大学家属院，视野好，采光好，地铁口，盛和苑西门过马路就到郑州大学！拎包入住！24小时热水，空调家具家电齐全…wifi免费！15903627898  ，谢谢,2023-01-31 15:20
,2023-01-31 12:14
,2023-01-31 12:15
请问郑州大学附近。有买大学教材的没，想买套高数和弹性力学,2023-01-31 10:47
Rt,2023-01-30 20:51
看学科评估郑大的仪器仪表没有排上号，专业不强，但好歹是个211，薪资会有点低吗，而且以后去哪里就业了，有没有仪器仪表的学长帮我解答一下呢？最近择校有点头疼,2023-01-28 22:34
仪器仪表毕业去比亚迪,2023-01-29 00:27
郑大仪器是在物理院下的，所以可能学科评估在物理里面了,2023-01-29 02:46
不知道是不是身边人正经的原因，我在郑大这四年没见人去过酒吧，约过炮，嫖过娼,2021-04-21 11:28
一方面感觉思想保守 一方面可能也是💰,2021-04-21 15:17
啊？,2021-04-21 15:19
,2021-04-21 18:24
医学🐶天天自习，连商业街都没逛过,2021-04-22 07:17
这样不好吗？真以为咱学校艾滋病少了？,2021-04-22 08:24
,2021-04-22 08:35
很正常，我也没见过,2021-04-22 08:38
我室友经常去pc,2021-04-22 08:40
不正常,2021-04-22 08:52
你以为郑大是三本技校吗？,2021-04-22 09:35
同学以前经常说北门莲花街的价格，可惜现在没了,2021-04-22 09:57
差不多得了😅,2021-04-22 10:23
那不挺好的，说明你圈子不乱啊,2021-04-22 10:26
那不挺好的，圈子不乱，蹦迪pc还能是啥好人吗,2021-04-22 10:30
人家yp pc了也不会告诉你啊,2021-04-22 10:53
管城区炸🐔店🐧811823516,2021-04-22 11:27
这种事会给你说吗？,2021-04-22 11:28
挺好的,2021-04-22 13:38
烂裤裆,2021-04-22 14:05
考研吧    米阁研家寄宿考研 来学习,2021-04-22 14:17
说明你这环境好呀，多搞搞事业,2021-04-22 15:59
不是很正常嘛？,2021-04-22 16:41
,2021-04-22 19:04
你请客，我带你去,2021-04-22 20:36
有门路着你请客，带我一起,2021-04-22 20:56
又不是带专学校 肯定的呀,2021-04-22 21:07
多专心学术,2021-04-22 22:33
三环内秒到,2021-04-22 22:45
我怀疑你发帖是想打听哪里能票昌的。,2021-04-23 07:45
物以类聚人以群分,2021-04-23 17:07
这不很正常吗？我们整个班男生都没有,2021-04-23 21:00
这不是很正常？,2021-04-25 12:54
,2021-05-03 13:44
来考研提升自己吧,2021-05-03 18:08
你还想嫖娼？上一个嫖娼的已经被抓进去了,2023-01-24 00:27
都想润出河南 哈哈哈哈,2023-01-24 04:00
我室友经常开impact,2023-01-24 07:37
,2023-01-24 08:23
这是,2023-01-24 09:01
哦,2023-01-25 08:16
？左转说唱学院,2023-01-25 10:11
1,2023-01-30 14:35
那当然，室友都是不抽烟不喝酒的好人捏，寝室楼里抽烟都会被说，我们都是老实人,2023-01-30 18:18
还会封校吗,2023-01-30 17:36
看学校表现了,2023-01-30 17:52
,2021-07-19 00:27
第一次听说这个专业,2021-07-19 00:35
+1,2021-07-19 02:03
可以辅导图书情报专硕复试吗,2023-01-30 15:39
,2023-01-30 12:01
刚刚买的真题资料什么的 回回本,2022-04-26 20:00
多少钱,2022-06-13 21:15
私聊了,2023-01-30 10:40
,2023-01-29 22:52
华为matepad10.4，4+64，可内存拓展，华为一代笔，可商量,2023-01-29 23:30
主校区柳园，看上的可以开学联系，白色的,2023-01-29 23:32
22级的,2023-01-29 23:57
,2023-01-29 18:36
求 郑大考研971真题，最好有22年的，可以私聊我，有偿。,2022-07-18 20:48
顶  顶,2022-07-18 20:49
求,2022-07-18 20:49
顶,2022-07-19 10:31
没有2022的 其他年份的 以及习题集都有  需要不,2022-07-19 15:06
我这里都有,2022-12-08 14:27
我也需要资料，可以拼团吗,2023-01-29 16:57
有偿求张郑大校园卡，南校区图书馆学习用,2023-01-28 20:34
72v大电动，买来上班骑，不限校区，18039217893可电可v,2023-01-29 12:46
之前看有人说局解被举报过一次，从19级之后就很少出原题了，真的吗？,2023-01-29 09:16
局解真的太难了,2023-01-29 09:16
开半个学期课讲一本书，完全靠自学啊,2023-01-29 09:16
比生理生化难多了,2023-01-29 09:17
,2023-01-29 09:35
,2023-01-29 09:42
,2023-01-29 09:58
医学院18还是19来着 真的是很神奇的一届,2023-01-29 09:59
这吧现在好冷清啊,2020-01-14 22:31
,2020-01-14 22:35
放假了,2020-01-14 23:06
嗯,2020-01-26 10:47
我对你还有印象,2020-01-26 19:46
太冷了,2020-01-26 21:36
,2023-01-29 10:20
物理学院的，信号与系统上下，电路，电磁场与电磁波，量子力学概论四门课有学长知道是哪一种吗。想在淘宝上面买。,2023-01-28 10:17
希腊奶,2023-01-28 11:26
艹，你还真是物院的,2023-01-29 02:47
不做志愿能毕业吗,2023-01-13 15:33
志愿你不评个星级根本加不了综测。然而评星级又需要几十个小时志愿时长。总之，志愿加综测这条路建议不要考虑，可以考虑加入学生会，担任班委，参加比赛等等,2023-01-13 16:04
毕业和做志愿没有关系,2023-01-13 16:07
本人因工作需要，需要有人指导写论文，有偿可以商量，只要可以，或者有认识的，定重谢。,2022-08-08 12:32
v或者QQ1923259439,2022-08-08 12:37
私信你了,2022-08-08 16:41
🐭🐭准备填报烟草局，发现,2023-01-26 21:38
win麻了,2023-01-26 21:39
三好学生貌似是前15%,2023-01-26 21:59
🐭🐭做梦都想去烟草局,2023-01-26 22:22
,2023-01-26 22:22
,2023-01-26 22:53
楼主真是优秀呀，是因为什么被选上的呀？,2023-01-26 23:42
诶，这明目张胆填亲属吗？,2023-01-27 12:36
对不起大家，我不知道我之前复制的那些言论那么的让人讨厌😿我以后再也不会复制那些伤人的言论了，也不会再叫大家滚出去了😿刚刚我也被几个我根本不认识的人口嗨了，我才知道原来我复制的那些话挺让人讨厌的😿我对不起大家，对不起,2023-01-27 18:59
烟草？默认一堆萝卜，这个一眼…,2023-01-27 19:28
今年公告出来了？,2023-01-27 21:38
,2023-01-28 14:42
请问一下北校区初九可以入校吗,2023-01-28 13:06
无法评论此贴，如何评价,2022-12-15 18:54
此人小黑子,2022-12-16 16:25
别在这里倒垃圾,2023-01-28 10:34
8u们对郑带做什么，可以在这里畅所欲言,2023-01-26 11:53
我先来，半夜**吵醒了其他室友,2023-01-26 11:54
没人？吵个室友先,2023-01-26 11:55
舍友在打游戏我偷偷学习,2023-01-26 12:55
晚上等到室友睡觉狠狠地打搅,2023-01-26 14:02
装自己是河大人,2023-01-26 14:03
宣扬我郑带win,2023-01-26 14:10
在外面对中专学历歧视,2023-01-26 14:12
读郑带读的马上孙吧黄牌了捏,2023-01-26 16:03
复试好多书不知道怎么看啊,2023-01-26 17:55
现在放开了，学校应该不会管疫情出入了，那能提早进校门吗,2023-01-18 00:28
99%不能进,2023-01-27 13:21
过年期间不回家的童鞋有吗，中原区桐柏路校区附近有没有学生常去的平价浴室澡堂。。。过年期间男同胞一起去洗澡啊，还可以搓背。。。大年初234都可以，去的私我v啊,2023-01-19 15:15
兄弟能提前返校吗或者偷偷返校的可能性,2023-01-27 13:22
郑大也叫人才？,2022-11-22 19:58
😭,2022-11-22 20:13
郑大的叫fw,2022-11-22 22:04
我们是郑州保密带学,2022-11-22 23:32
郑带是这样的,2022-11-23 12:59
是这样的,2022-11-23 13:26
不然叫鬼才,2022-11-24 17:50
😓😓,2022-11-27 00:36
,2022-12-14 12:38
输,2022-12-14 14:14
输麻了,2022-12-18 13:26
还真是,2023-01-17 11:39
正确的,2023-01-24 17:25
确实,2023-01-27 09:33
下学期不会封校了吧,2023-01-26 23:39
本人是化学学院的，这是我马上要买的教材，基础化学与实验技术已经有了。想请问一下，其他的教材都是什么版的。化院的学长可以发下图片吗？,2023-01-21 18:13
难得见到化院的学妹,2023-01-22 12:37
开学问过老师再买也不迟，淘宝买两三天就到了，不会耽误太长时间。,2023-01-22 12:38
,2023-01-22 12:42
化学工程基础可以不买，因为基本用不到,2023-01-22 12:43
直接楼下二手书 十块钱一本 化工基础应该还是郑修成讲 书本用处不大 给分还不错,2023-01-23 19:31
都这么爱学习,2023-01-26 12:18
,2012-09-29 11:59
,2012-09-29 12:02
蝾螈,2012-09-29 12:03
,2012-09-29 12:08
呀，这是什么东西？,2012-09-29 12:13
小时候老家逮过   小溪里面有很多,2012-09-29 12:15
国家地质公园，金刚台上有娃娃鱼，不过不让逮,2012-09-29 12:17
我郑有这个吗,2023-01-09 17:44
没有。,2023-01-09 18:06
学院logoP一下不就是我们的了，看我再将一军,2023-01-09 18:09
你郑化学估计还是b+ 输麻了,2023-01-09 18:11
,2023-01-09 20:21
,2023-01-09 20:36
做不到,2023-01-09 21:59
没有啊,2023-01-09 23:46
没有,2023-01-10 08:06
🈶，我蒸0A+,2023-01-14 20:50
无,2023-01-26 21:44
,2023-01-12 15:21
现在开始打🦶,2023-01-12 21:18
现在开始打🦶,2023-01-13 00:33
现在开始打🦶,2023-01-26 20:14
请问 郑州大学 软件工程用的哪本书,2023-01-24 21:48
这本书,2023-01-24 21:50
不捉,2023-01-26 14:51
各位大伙,2023-01-21 22:26
好好好,2023-01-21 22:37
,2023-01-21 23:05
新年快乐,2023-01-21 23:06
新年快乐,2023-01-21 23:12
,2023-01-21 23:24
好啊好啊,2023-01-21 23:24
看学科评估郑大的仪器仪表没有排上号，专业不强，但好歹是个211，薪资会有点低吗，而且毕业后在河南的就业机会大吗，有无董哥解答一下，谢谢,2023-01-23 19:07
在河南就业的话，郑大牌子比学科评估有用多了。,2023-01-24 21:52
仪器咋不考河工大,2023-01-24 23:30
说实话，211的话仪器就业都差不多,2023-01-25 08:25
之前不是一直说春晚有郑带的节目吗,2023-01-21 22:48
带专还惦记着上春晚呢,2023-01-21 23:07
带专也配？,2023-01-21 23:23
张口闭口带专，哈哈,2023-01-22 14:46
,2023-01-23 10:15
你郑主打的就是一个炒作,2023-01-25 01:19
有无学长学姐西索,2023-01-24 22:49
,2023-01-23 23:20
投降🏳️，sir this way ，我愿弃暗投明助郑✌🏻剿除🦁匪,2023-01-24 08:55
没人？,2023-01-24 09:21
完形填空：打（）（）先,2023-01-24 09:21
,2023-01-24 09:23
,2023-01-24 10:41
,2023-01-24 11:30
王师东定中原日，家祭无忘告乃翁。,2023-01-24 12:17
,2023-01-24 12:20
统！一！,2023-01-24 13:07
✋🍐余区割给你们求和吧,2023-01-24 17:10
又在幻想了,2023-01-24 17:23
,2023-01-24 18:47
➕3,2023-01-24 19:12
,2023-01-24 19:12
无所谓，我会润,2023-01-24 19:55
还有同学的微积分补考成绩没出吗，这都过完年了还没出，我都开始担心是不是没过了，教务系统啥也不显示，补考不过会在教务系统显示吗,2023-01-24 02:17
会显示的，考啥样教务系统都会有,2023-01-24 13:10
,2022-10-23 21:52
女的喜欢,2022-10-24 11:09
女的喜欢,2022-10-24 11:10
喜欢倪蚂,2023-01-24 13:31
快开学了 我想问一下大家一般在哪背书呢 不会影响别人也不会尴尬,2023-01-22 18:18
宿舍天台或者中核那夜里背书人很少,2023-01-22 20:48
北核走廊过道,2023-01-23 00:33
厚山,2023-01-23 08:49
🚾,2023-01-23 17:16
郑大的大哥大姐们，有谁知道郑大招收校外双学位吗，本鼠鼠像跨校考一下,2023-01-23 19:11
去招生办问问 能私信,2023-01-24 04:04
没听过啊,2023-01-24 09:02
21微积分补考成绩出没出啊。。。差不多三个星期了教务系统成绩不更新是不是会寄,2023-01-09 00:33
不知道捏，我也在等,2023-01-09 01:30
出了 你是经济的吧,2023-01-09 12:04
,2023-01-04 13:36
要是不发🐭🐭就停课不学了,2023-01-04 13:37
没有，只有学习证明,2023-01-08 09:53
我也是辅修的直接不学了,2023-01-12 19:13
不发,2023-01-12 20:36
不是本校可以报名辅修吗,2023-01-23 19:19
研一寒假都玩了俩月了，啥也没学。这大年初二的被网友们给搞焦虑了。[图片],2023-01-23 17:23
是不是2月13号开学？,2023-01-23 14:47
校历上是的,2023-01-23 14:48
